ic50,cc50,si,log_ic50,log_cc50,log_si,ic50_gt_median,cc50_gt_median,si_gt_median,si_gt_8,group
6.239373566893883,175.4823815688905,28.125,0.7951409887051732,2.244233519824592,1.449092531119419,0,0,1,1,0
0.7718312468161961,5.402818727713373,7.000000000000001,-0.1124776434309128,0.7326203965833441,0.8450980400142569,0,0,1,0,1
223.8087777802645,161.1423200017905,0.72,2.349877115555938,2.2072096119872064,-0.14266750356873156,1,0,0,0,2
1.705624296116444,107.8556540191281,63.23529411764706,0.2318833737877014,2.0328429166610515,1.8009595428733502,0,0,1,1,3
107.1315318094944,139.2709913523427,1.3,2.0299173146730594,2.143860666979896,0.11394335230683678,1,0,0,0,4
15.03791057255341,30.07582114510681,2.0,1.1771874978348635,1.4782174934988448,0.3010299956639812,0,0,0,0,5
18.90816681541091,14.5592884478664,0.7700000000000001,1.2766494251674152,1.1631401503398968,-0.11350927482751805,0,0,0,0,6
28.77308680552558,23.59393118053097,0.82,1.4589864559360117,1.3728003083197282,-0.08618614761628333,0,0,0,0,7
50.05706767794174,153.7092680267687,3.070680628272251,1.6994654052284843,2.1867000544323045,0.4872346492038205,1,0,0,0,8
6.400846618646093,400.9063598812003,62.63333333333334,0.8062374204665714,2.6030429458474345,1.7968055253808632,0,0,1,1,9
4.185789245511488,32.88834407187598,7.857142857142859,0.6217773578259802,1.5170420073059672,0.8952646494799872,0,0,1,0,10
43.52245819713544,72.43597937705059,1.664335664335664,1.6387134168211366,1.8599543364125866,0.22124091959145004,0,0,0,0,11
208.3685902860044,634.6251480792013,3.045685279187818,2.3188322535260015,2.8025172777480525,0.4836850242220508,1,1,0,0,12
1.128846544600727,5.76966011684816,5.111111111111111,0.05263490794554661,0.7611502301877957,0.7085153222422491,0,0,1,0,13
10.63644626660736,79.0481347541047,7.431818181818182,1.0267965504590002,1.897891626633099,0.8710950761740986,0,0,1,0,14
110.1406152517157,110.1406152517157,1.0,2.0419474981456163,2.0419474981456163,0.0,1,0,0,0,15
3.228105375292082,10.42926352017442,3.23076923076923,0.5089477029896037,1.0182536410806673,0.5093059380910636,0,0,0,0,16
40.3930663212363,1160.72029658725,28.73563218390805,1.6063068226140549,3.064727578667474,1.4584207560534193,0,1,1,1,17
751.9682769649559,751.9682769649559,1.0,2.876199519541548,2.876199519541548,0.0,1,1,0,0,18
64.13053539079958,283.6288627077631,4.422680412371134,1.8070648656197081,2.4527504235381876,0.6456855579184794,1,0,1,0,19
303.4630489111032,244.6216298411943,0.8061002178649236,2.4821058168907246,2.3884948554204586,-0.09361096147026633,1,0,0,0,20
13.83891502906172,145.6381057820305,10.52380952380952,1.1411020427679965,2.163275021719188,1.0221729789511913,0,0,1,1,21
83.3193041126066,1426.700412887099,17.12328767123288,1.920745634039546,3.1543327869271462,1.2335871528876006,1,1,1,1,22
440.3980869436373,1067.107887927605,2.423052959501558,2.6438454237610527,3.028208330167622,0.3843629064065689,1,1,0,0,23
1400.218964282481,1371.956657145287,0.9798157946306093,3.1461959553523937,3.137340391356181,-0.008855563996212713,1,1,0,0,23
1371.956657145287,1371.956657145287,1.0,3.137340391356181,3.137340391356181,0.0,1,1,0,0,23
466.4652634293977,836.8935608586254,1.794117647058824,2.6688193083984357,2.922670226366948,0.253850917968512,1,1,0,0,23
288.6611032050042,447.7133710709616,1.551,2.4603882670760306,2.6510000648896352,0.19061179781360493,1,1,0,0,24
1472.457162890573,2191.156492396687,1.488095238095238,3.168042669034109,3.340673395980284,0.17263072694617468,1,1,0,0,25
4095.188562957381,4095.188562957381,1.0,3.6122739036462534,3.6122739036462534,0.0,1,1,0,0,26
4128.529376550779,4128.529376550779,1.0,3.615795379165311,3.615795379165311,0.0,1,1,0,0,27
1936.355855733744,1936.355855733744,1.0,3.286985173209828,3.286985173209828,0.0,1,1,0,0,28
1.748194988674194,15.48401275682857,8.857142857142858,0.24258987096568296,1.1898835204496798,0.9472936494839971,0,0,1,1,29
5.244584966022582,27.47163553630876,5.238095238095238,0.7197111256853453,1.438884516109651,0.7191733904243057,0,0,1,0,29
21.91009266508525,71.57296937261181,3.266666666666667,1.3406442143407185,1.8547490353135507,0.5141048209728325,0,0,0,0,30
7.887633359430688,40.02243593488905,5.074074074074074,0.8969467151080055,1.602303518105425,0.7053568029974195,0,0,1,0,30
2.140925212724708,6.422775638174124,3.0,0.3306014966880565,0.807722751407719,0.47712125471966244,0,0,0,0,31
4.777996889958388,33.01161487607613,6.909090909090908,0.6792458627277247,1.518666769850291,0.8394209071225662,0,0,1,0,32
5.301196303299112,70.68261737732148,13.33333333333333,0.7243738864488557,1.8493126230571555,1.1249387366083,0,0,1,1,33
3.186122002234034,43.1063565008134,13.52941176470589,0.5032624016856291,1.634541316324948,1.1312789146393192,0,0,1,1,34
2.492675369299443,16.68175054838858,6.692307692307691,0.39666572234571473,1.2222416226574966,0.8255759003117816,0,0,1,0,35
15.07848611999355,1344.065055868391,89.13793103448276,1.1783577405565044,3.1284202900875098,1.950062549531005,0,1,1,1,0
9.341074749031595,283.1513283300202,30.3125,0.9703968473993797,2.4520186033457185,1.481621755946339,0,0,1,1,36
24.23020634443722,390.1063221454394,16.1,1.384357112605062,2.5911829886369118,1.2068258760318498,0,0,1,1,37
22.82526631567594,1254.135511850327,54.94505494505496,1.3584158534025588,3.098344465417484,1.7399286120149253,0,1,1,1,3
351.3914243351417,1071.315318094944,3.048780487804878,2.5457911583847386,3.0299173146730594,0.4841261562883209,1,1,0,0,4
373.3827194210221,1066.807769774349,2.857142857142857,2.5721542144332035,3.028086170082928,0.45593195564972433,1,1,0,0,9
45.00690034704373,2216.216562112722,49.24170616113744,1.6532791038398527,3.3456121960993372,1.6923330922594846,0,1,1,1,38
14.59779890579977,376.5808993090375,25.79710144927536,1.1642873766659458,2.5758582882375842,1.4115709115716386,0,0,1,1,39
13.82438929480254,2560.0720916301,185.1851851851852,1.1406459550396262,3.408252195216658,2.2676062401770314,0,1,1,1,40
3.584100928282141,2288.70444991731,638.5714285714286,0.554380230894896,3.3595897140125754,2.8052094831176797,0,1,1,1,40
39.53184709560717,575.0086850270134,14.54545454545454,1.5969471068977072,2.759674404395407,1.1627272974976997,0,1,1,1,41
37.32400383133147,2248.43396574286,60.24096385542169,1.5719882253366708,3.351880137296616,1.779891911959945,0,1,1,1,42
164.6049272855645,597.4239746658812,3.629441624365482,2.216442831246259,2.776282646885747,0.5598398156394877,1,1,0,0,43
97.18758711096713,1883.48037036758,19.37984496124031,1.9876107999729933,3.274961098345782,1.2873502983727887,1,1,1,1,44
140.9695412765257,1781.797755221061,12.63959390862945,2.149125286524215,3.2508584074583586,1.1017331209341437,1,1,1,1,45
46.58518345980803,875.6613432294741,18.79699248120301,1.6682478101485612,2.942336177853513,1.274088367704952,0,1,1,1,46
280.2116298334317,875.6613432294741,3.125,2.4474861561734187,2.942336177853513,0.49485002168009407,1,1,0,0,47
826.4257910960885,826.4257910960885,1.0,2.917203862185248,2.917203862185248,0.0,1,1,0,0,48
8.318666925469637,815.5555809283959,98.03921568627452,0.9200537357500473,2.91145356398813,1.9913998282380825,0,1,1,1,49
184.3155612898175,658.9689093901438,3.575221238938053,2.2655620031355306,2.8188649247627158,0.5533029216271852,1,1,0,0,49
5.262268260868178,797.313372858815,151.5151515151515,0.7211729838570813,2.9016290483152125,2.1804560644581312,0,1,1,1,50
21.05647346182461,113.8609305713479,5.407407407407407,1.323385637299841,2.0563747289252907,0.7329890916254498,0,0,1,0,51
105.7811514913027,87.79835573778122,0.83,2.0244082902647094,1.943486382640783,-0.0809219076239261,1,0,0,0,39
14.8352132330102,122.8541095858657,8.28125,1.1712937930023148,2.0893896886192165,0.9180958956169019,0,0,1,1,52
20.50077809771416,39.13784909563613,1.909090909090909,1.3117703448182272,1.5925969543939213,0.28082660957569416,0,0,0,0,53
21.12987187614053,18.05643596688373,0.8545454545454545,1.3248968636564844,1.256632032097958,-0.0682648315585264,0,0,0,0,54
63.38961562842159,57.62692329856509,0.9090909090909093,1.8020181183761468,1.7606254332179216,-0.041392685158224946,1,0,0,0,54
59.45571000027026,79.0941111821777,1.33030303030303,1.7741935696784585,1.8981441500426923,0.12395058036423381,1,0,0,0,55
59.45571000027026,80.89579936400406,1.36060606060606,1.7741935696784585,1.907925970803894,0.13373240112543547,1,0,0,0,55
17.25337212617845,599.3276633304095,34.73684210526316,1.2368739894189356,2.7776643240079752,1.5407903345890397,0,1,1,1,56
23.37804206772406,54.61960737640985,2.336363636363636,1.368808135791181,1.7373485739642507,0.3685404381730694,0,0,0,0,57
12.70414242657882,51.91175439826173,4.086206896551724,1.1039453540007262,1.7152657064478927,0.6113203524471665,0,0,1,0,58
6.984914912094846,6.984914912094846,1.0,0.8441611200518098,0.8441611200518098,0.0,0,0,0,0,59
6.764008261108756,6.764008261108756,1.0,0.8302041293443553,0.8302041293443553,0.0,0,0,0,0,60
15.30199117160121,48.88136068705941,3.194444444444445,1.1847479470642246,1.689143286650549,0.5043953395863245,0,0,0,0,57
6.984914912094846,9.778880876932783,1.4,0.8441611200518098,0.9902891557300478,0.146128035678238,0,0,0,0,59
1228.556568887214,1228.556568887214,1.0,3.089395158365916,3.089395158365916,0.0,1,1,0,0,26
1127.094987808589,1127.094987808589,1.0,3.0519605184797802,3.0519605184797802,0.0,1,1,0,0,61
25.1717880610585,1878.491646347649,74.62686567164178,1.4009140664609445,3.273809268096137,1.8728952016351923,0,1,1,1,61
1199.174967622276,1199.174967622276,1.0,3.0788825541822993,3.0788825541822993,0.0,1,1,0,0,62
18.56402047646485,639.7581773634539,34.4622641509434,1.2686720387822643,2.806015845729411,1.5373438069471463,0,1,1,1,46
3.537791474708722,1965.439708171512,555.5555555555555,0.5487322310462223,3.293459725942916,2.744727494896694,0,1,1,1,63
83.61924357525479,2533.916471977418,30.3030303030303,1.9223062345779611,3.403792294700074,1.4814860601221125,1,1,1,1,64
83.61924357525479,2533.916471977418,30.3030303030303,1.9223062345779611,3.403792294700074,1.4814860601221125,1,1,1,1,64
4.212087004869173,2106.043502434586,499.9999999999999,0.6244973333929187,3.3234673377289377,2.6989700043360187,0,1,1,1,65
32.84331113125501,3284.331113125501,100.0,1.5164469344870946,3.5164469344870946,2.0,0,1,1,1,66
2200.501845794086,3284.331113125501,1.492537313432836,3.342521737187921,3.5164469344870946,0.17392519729917358,1,1,0,0,66
2200.501845794086,3284.331113125501,1.492537313432836,3.342521737187921,3.5164469344870946,0.17392519729917358,1,1,0,0,66
679.8565404169786,3284.331113125501,4.830917874396135,2.8324172799440124,3.5164469344870946,0.6840296545430823,1,1,1,0,67
23.96634794178657,652.3805194912524,27.22068965517241,1.3796018600842042,2.8145009842447446,1.4348991241605404,0,1,1,1,48
44.06930572856006,1837.869923598214,41.70408163265306,1.644136208653092,3.2643147706721907,1.6201785620190985,0,1,1,1,42
23.91940118576445,815.3326550854242,34.08666666666667,1.3787503030348751,2.9113348367057306,1.532584533670856,0,1,1,1,50
12.35496542426588,297.9726955264124,24.11764705882353,1.0918415343539178,2.4741764696953794,1.3823349353414616,0,0,1,1,68
5.191050628716093,195.6626775439143,37.69230769230769,0.7152552646069943,2.291507992328671,1.576252727721677,0,0,1,1,69
5.191050628716093,195.6626775439143,37.69230769230769,0.7152552646069943,2.291507992328671,1.576252727721677,0,0,1,1,69
24.95600077640891,623.5737971778516,24.98692810457517,1.3971749904697097,2.794887857671139,1.3977128672014294,0,1,1,1,49
61.40146007398311,1883.48037036758,30.67484662576687,1.788178698413721,3.274961098345782,1.486782399932061,1,1,1,1,44
24.3580067962832,805.411470624643,33.06557377049181,1.3866417473109243,2.906017810512923,1.5193760632019986,0,1,1,1,41
35.87399182384934,142.4041501529324,3.969565217391304,1.5547797048224277,2.153522646339134,0.598742941516706,0,0,1,0,51
1646.106753898501,3284.331113125501,1.995211492418197,3.216457996809207,3.5164469344870946,0.2999889376778877,1,1,0,0,67
3284.331113125501,3284.331113125501,1.0,3.5164469344870946,3.5164469344870946,0.0,1,1,0,0,66
114.9899752329284,2106.043502434586,18.31501831501831,2.0606599804336745,3.3234673377289377,1.2628073572952627,1,1,1,1,65
114.9899752329284,2106.043502434586,18.31501831501831,2.0606599804336745,3.3234673377289377,1.2628073572952627,1,1,1,1,65
61.54000279076757,1724.551240997091,28.02325581395349,1.7891575116061897,3.2366761029374906,1.4475185913313007,1,1,1,1,45
58.01119540732147,1883.48037036758,32.46753246753246,1.7635118148462263,3.274961098345782,1.5114492834995557,1,1,1,1,44
143.9713011903484,1988.553883844591,13.81215469613259,2.158275929756165,3.298537363559018,1.140261433802853,1,1,1,1,70
143.9713011903484,1988.553883844591,13.81215469613259,2.158275929756165,3.298537363559018,1.140261433802853,1,1,1,1,70
73.66333570087411,879.0374188648464,11.93317422434368,1.8672513811450435,2.944007362514767,1.0767559813697236,1,1,1,1,71
3.930879416343024,1965.439708171512,500.0000000000001,0.5944897216068974,3.293459725942916,2.6989700043360187,0,1,1,1,63
0.3930879416343024,1965.439708171512,5000.0,-0.40551027839310266,3.293459725942916,3.6989700043360187,0,1,1,1,63
68.14844093404254,1703.711023351063,25.0,1.8334559247123314,3.231395933384369,1.3979400086720377,1,1,1,1,72
17.46052354708297,2238.528659882433,128.2051282051282,1.2420572617177905,3.34996265902731,2.1079053973095196,0,1,1,1,73
9.462976105985334,311.8050626922167,32.95,0.9760277434989436,2.4938831624289723,1.5178554189300286,0,0,1,1,74
18.53497845308755,2106.247551487221,113.6363636363636,1.2679920854985407,3.323509413348372,2.0555173278498313,0,1,1,1,75
6.687876790201305,2388.527425071895,357.1428571428572,0.8252882635594612,3.378130232217242,2.552841968657781,0,1,1,1,76
14.20193480476517,304.5061903727591,21.44117647058824,1.1523475146501632,2.4835961259258825,1.3312486112757196,0,0,1,1,77
1.952188124002989,172.9080909831219,88.57142857142857,0.29052166644526684,2.237815315929264,1.947293649483997,0,0,1,1,78
19.65500297411229,2586.184601856881,131.5789473684211,1.2934731138717253,3.412659521590934,2.1191864077192086,0,1,1,1,79
590.6365807891533,1662.145422043812,2.814159292035398,2.7713203412794,3.220669017780413,0.44934867650101296,1,1,0,0,80
34.79990057171265,248.5707183693761,7.142857142857144,1.5415780031069766,2.3954499674287386,0.853871964321762,0,0,1,0,81
7.426753642203766,2062.987122834379,277.7777777777777,0.8707990178827434,3.314496517115456,2.4436974992327127,0,1,1,1,82
14.87821398787034,368.0400302262663,24.73684210526316,1.1725508007148127,2.565895057697701,1.3933442569828887,0,0,1,1,83
8.241932416154189,1527.927470994738,185.3846153846154,0.9160290489884189,3.1841027392564505,2.2680736902680314,0,1,1,1,84
5.75298333278543,138.8934547486768,24.14285714285714,0.7598931158141657,2.1426817804135823,1.3827886645994167,0,0,1,1,85
5.027995158758947,459.7024145151038,91.42857142857144,0.7013948508505774,2.6624767848202078,1.9610819339696304,0,1,1,1,86
41.47316788440763,1418.279938763076,34.19753086419752,1.6177672097592888,3.1517619599450875,1.5339947501857987,0,1,1,1,87
52.61335479838292,2248.43396574286,42.73504273504274,1.7210959947067586,3.351880137296616,1.6307841425898573,1,1,1,1,42
21.15023434459654,2115.023434459654,99.99999999999999,1.3253151837205792,3.325315183720579,2.0,0,1,1,1,88
81.77812912085105,1703.711023351063,20.83333333333333,1.9126371707599563,3.231395933384369,1.3187587626244126,1,1,1,1,72
23.96644697423607,149.6366625186278,6.243589743589745,1.3796036546487156,2.1750380131728697,0.7954343585241541,0,0,1,0,89
8.37055239666852,1847.500493264695,220.7142857142858,0.9227541192726925,3.266584563019289,2.343830443746597,0,1,1,1,90
151.9789834777134,879.3069758353416,5.785714285714286,2.181783535374243,2.9441405185746543,0.7623569832004117,1,1,1,0,91
287.2240772110542,727.8519229325578,2.534090909090909,2.4582208428182226,2.8620430337162146,0.40382219089799204,1,1,0,0,92
231.8620004934499,891.7769249748073,3.846153846153846,2.365229578615307,2.9502562306444893,0.585026652029182,1,1,0,0,93
818.7013213839327,409.077760251505,0.4996666666666666,2.9131254913414186,2.6118058694700355,-0.30131962187138306,1,0,0,0,94
81.87013213839327,116.5284880769798,1.423333333333333,1.9131254913414184,2.06643211164678,0.15330662030536127,1,0,0,0,95
818.7013213839327,818.7013213839327,1.0,2.9131254913414186,2.9131254913414186,0.0,1,1,0,0,96
96.52540709590443,127.7352887235802,1.323333333333333,1.9846416419369266,2.106310893980379,0.12166925204345251,1,0,0,0,97
25.90606460972514,424.2118079842491,16.375,1.413401444321602,2.6275827529854228,1.2141813086638207,0,1,1,1,98
311.1852423510667,569.4689935024521,1.83,2.493018992824498,2.7554700825549276,0.26245108973042947,1,1,0,0,99
288.0752502653737,352.8921815750828,1.225,2.459505947850371,2.5476420365509225,0.0881360887005513,1,0,0,0,100
339.7373830029387,360.1216259831151,1.06,2.531143337092691,2.556449202357461,0.02530586526477026,1,0,0,0,101
218.9126880425785,1197.178762732852,5.468750000000001,2.3402709337341574,3.078159004100546,0.7378880703663886,1,1,1,0,102
45.39882871021928,1134.970717755482,25.0,1.6570446482040102,3.054984656876048,1.3979400086720377,0,1,1,1,103
123.0321841008864,1198.365429554088,9.740259740259742,2.090018733789667,3.078589272008885,0.9885705382192183,1,1,1,1,104
375.3683301739832,803.2882265723241,2.14,2.5744576284055207,2.9048714017547117,0.33041377334919086,1,1,0,0,105
1018.966360523885,1018.966360523885,1.0,3.00815984673459,3.00815984673459,0.0,1,1,0,0,106
315.8795717624042,1018.966360523885,3.225806451612903,2.499521540568862,3.00815984673459,0.5086383061657272,1,1,0,0,107
101.8966360523885,219.7570784196511,2.156666666666667,2.00815984673459,2.3419428726836276,0.3337830259490381,1,0,0,0,107
83.49800996409586,178.1290879234045,2.133333333333333,1.9216761249217937,2.2507348441860184,0.32905871926422464,1,0,0,0,108
212.3632720086838,446.4360266080325,2.102228047182176,2.3270794081570116,2.649759234150276,0.32267982599326434,1,1,0,0,109
188.9941233525418,307.3828949620585,1.626415094339623,2.2764483002830738,2.4876796965069974,0.21123139622392384,1,0,0,0,110
517.0593940777086,1069.778056712501,2.068965517241379,2.7135404329172594,3.029293685401947,0.3157532524846875,1,1,0,0,111
86.87946343243384,159.2790162927954,1.833333333333334,1.938917130050334,2.2021585648249156,0.2632414347745815,1,0,0,0,112
10.13593740045062,35.91017821873933,3.542857142857143,1.0058639196809476,1.5552175604929068,0.5493536408119595,0,0,0,0,113
24.61584797252292,605.2602619126225,24.58823529411765,1.3912148010449643,2.7819421614417257,1.3907273603967614,0,1,1,1,113
4.109273809132451,78.07620237351655,19.0,0.6137650801359278,1.8925186810887566,1.2787536009528289,0,0,1,1,114
7.71597496166125,2411.242175519141,312.5,0.8873908096885397,3.382240831368634,2.494850021680094,0,1,1,1,115
31.04127972849227,1122.659616847137,36.16666666666666,1.491939617469073,3.0502481009339593,1.5583084834648857,0,1,1,1,116
8.287201246395067,66.29760997116054,8.0,0.9184078853789552,1.8214978723708988,0.9030899869919435,0,0,1,0,117
13.49177170573097,1686.471463216371,125.0,1.1300689838824085,3.2269789968904647,2.0969100130080562,0,1,1,1,118
13.31215222002325,754.3552924679843,56.66666666666667,1.124248274987677,2.8775759416462887,1.7533276666586115,0,1,1,1,119
14.33390350416161,2388.983917360268,166.6666666666667,1.1563644764729104,3.3782132260892666,2.2218487496163566,0,1,1,1,120
30.77737934193668,1152.362342802746,37.44186046511628,1.4882316373996178,3.061589057851881,1.5733574204522631,0,1,1,1,121
1.431506015904032,60.83900567592136,42.5,0.15579317748401272,1.7841821075343243,1.6283889300503116,0,0,1,1,121
6.453400752390604,706.0779646733249,109.4117647058823,0.8097886353764114,2.8488526582160536,2.0390640228396424,0,1,1,1,122
0.3796118089641533,189.8059044820766,499.9999999999999,-0.42066028600186245,2.2783097183341563,2.6989700043360187,0,0,1,1,123
26.09773602140014,411.0393423370522,15.75,1.4166028339260364,2.6138833920516555,1.1972805581256194,0,0,1,1,124
26.09773602140014,411.0393423370522,15.75,1.4166028339260364,2.6138833920516555,1.1972805581256194,0,0,1,1,124
20.64096366837558,882.0924644604947,42.73504273504274,1.3147299694129297,2.945514112002787,1.6307841425898573,0,1,1,1,125
11.33936839718028,22.04877188340609,1.944444444444444,1.054588865027918,1.3433844042748873,0.2887955392469695,0,0,0,0,126
11.33936839718028,22.04877188340609,1.944444444444444,1.054588865027918,1.3433844042748873,0.2887955392469695,0,0,0,0,126
28.88181971968131,2062.987122834379,71.42857142857142,1.460624552793694,3.314496517115456,1.8538719643217618,0,1,1,1,127
41.25974245668758,2062.987122834379,50.0,1.6155265127794374,3.314496517115456,1.6989700043360187,0,1,1,1,128
5.621180608532952,19.54029449632884,3.476190476190477,0.7498275393988152,1.290931104785352,0.5411035653865368,0,0,0,0,129
6.160385640141072,28.23510085064659,4.583333333333334,0.789607899849976,1.450789343296595,0.6611814434466191,0,0,1,0,130
8.757272915156038,7.00581833212483,0.7999999999999999,0.9423688844455308,0.8454588714374743,-0.09691001300805645,0,0,0,0,131
8.406981998549796,56.04654665699864,6.666666666666667,0.9246401174850991,1.748548858429418,0.8239087409443188,0,0,1,0,131
39.10946906815449,707.2989086793897,18.08510638297872,1.5922819202135499,2.8496029879921254,1.257321067778575,0,1,1,1,132
0.5895227076777964,921.1292307465568,1562.5,-0.22949946176612887,2.964320564249984,3.193820026016113,0,1,1,1,133
53.06687212063083,1737.448702023617,32.74074074074074,1.7248234901019035,3.2399119909559895,1.5150885008540858,1,1,1,1,63
29.78130014645393,162.9212302129538,5.470588235294117,1.4739436535943036,2.2119776807699645,0.7380340271756611,0,0,1,0,134
11.48117608992892,121.7700494386401,10.60606060606061,1.059986377888155,2.0855404823605435,1.0255541044723884,0,0,1,1,135
39.39810441393082,953.6132091099163,24.20454545454545,1.5954753268414599,2.979372258130029,1.383896931288569,0,1,1,1,136
6.919457514530861,92.25943352707813,13.33333333333333,0.8400720471040154,1.9650107837123152,1.1249387366083,0,0,1,1,137
54.08756360489451,257.9560725771892,4.76923076923077,1.733097418920688,2.411545756112105,0.6784483371914172,1,0,1,0,132
69.15074585994485,301.4972519493595,4.359999999999999,1.839796868770874,2.47928335803946,0.639486489268586,1,0,1,0,138
3.491108147548195,10.47332444264458,3.0,0.542963302597026,1.0200845573166881,0.47712125471966244,0,0,0,0,139
7.607937614911558,1584.987003106575,208.3333333333334,0.8812669427292068,3.2000257053536196,2.318758762624413,0,1,1,1,84
7.71597496166125,1562.484929736403,202.5,0.8873908096885397,3.193815837239227,2.3064250275506875,0,1,1,1,115
7.107371054520643,579.2507409434324,81.50000000000001,0.851708989246315,2.762866597986292,1.9111576087399766,0,1,1,1,140
529.6369716871208,3934.44607539004,7.428571428571428,2.7239782937263355,3.594883597346878,0.8709053036205423,1,1,1,0,141
234.2111713281952,4538.976188530915,19.37984496124031,2.3696076060671842,3.656957904439973,1.2873502983727887,1,1,1,1,142
1131.658478784732,3328.407290543329,2.941176470588236,3.053715381659915,3.5222364646176603,0.46852108295774497,1,1,0,0,143
59.39367252581832,1510.442534061759,25.43103448275862,1.7737401801075574,3.179104206858802,1.4053640267512444,1,1,1,1,40
23.40756876570457,1433.116455043137,61.22448979591837,1.3693563079097368,3.156281482600886,1.7869251746911488,0,1,1,1,144
26.20365229001204,346.2625481180162,13.21428571428571,1.4183618279171692,2.539405520641945,1.1210436927247756,0,0,1,1,145
31.07991033445868,50.89335317267609,1.6375,1.4924797571911037,1.7066610658549244,0.21418130866382065,0,0,0,0,146
117.4411913234448,198.8670839743665,1.693333333333333,2.0698204480775644,2.298562905641821,0.22874245756425673,1,0,0,0,147
55.26992287917738,1285.3470437018,23.25581395348837,1.7424888585898977,3.1090204030103115,1.3665315444204134,1,1,1,1,148
35.39151867534602,1263.982809833786,35.71428571428571,1.5488991989237948,3.1017411675815754,1.5528419686577808,0,1,1,1,149
743.0506190850075,743.0506190850075,1.0,2.871018400356111,2.871018400356111,0.0,1,1,0,0,150
198.3418620334008,1983.418620334008,10.0,2.2974143860731258,3.2974143860731258,1.0,1,1,1,1,151
35.02909166062415,51.14247382451126,1.46,1.544428875773493,1.7087817315579301,0.1643528557844371,0,0,0,0,131
105.0872749818725,139.0654938926779,1.323333333333333,2.021550130493156,2.1432193825366084,0.12166925204345251,1,0,0,0,131
28.80419389063048,156.0227169075817,5.416666666666665,1.4594557256396254,2.193187836234856,0.7337321105952306,0,0,1,0,152
4.65397682319542,497.1293424776927,106.8181818181818,0.6678242161695765,2.6964693976191065,2.02864518144953,0,1,1,1,153
917.9645665677305,917.9645665677305,1.0,2.9628259177577734,2.9628259177577734,0.0,1,1,0,0,154
91.79645665677305,230.8819970458231,2.515151515151516,1.9628259177577734,2.3633900702559596,0.40056415249818655,1,0,0,0,155
311.1852423510667,933.5557270532004,3.0,2.493018992824498,2.9701402475441605,0.47712125471966244,1,1,0,0,99
4.912207928303596,272.9004404613109,55.55555555555556,0.691276741725062,2.436004236621756,1.744727494896694,0,0,1,1,95
17.62511382886015,652.7819936614869,37.03703703703704,1.2461319304910228,2.814768166332035,1.5686362358410126,0,1,1,1,92
308.3774977212813,1402.708263971138,4.548672566371681,2.4890826801051755,3.146967355617032,0.6578846755118559,1,1,1,0,94
4.893349448764185,37.67879075548422,7.7,0.6896062311392382,1.5760969563117202,0.8864907251724818,0,0,1,0,156
608.9911452687479,1022.496132906228,1.679,2.7846109780370156,3.0096616741750646,0.2250506961380488,1,1,0,0,157
24.46674724382092,79.27226106997978,3.239999999999999,1.3885762354752569,1.8991212456818691,0.510545010206612,0,0,0,0,158
146.8004834629255,133.5884399512622,0.91,2.1667274858589005,2.125768878179994,-0.040958607678906384,1,0,0,0,158
27.6822261955545,187.8760925403207,6.78688524590164,1.442201013009,2.273871519119132,0.8316705061101319,0,0,1,0,159
58.91575047681815,798.3583475629849,13.55084745762712,1.7702314141545468,2.902197870594656,1.1319664564401093,1,1,1,1,160
33.92117472797102,126.2621503763366,3.722222222222222,1.5304708839455676,2.101273181543088,0.5708022975975203,0,0,0,0,161
39.79402612079874,116.5964965339403,2.93,1.599817880679208,2.0666855010333176,0.46686762035410945,0,0,0,0,162
6.375822879640403,74.38460026247137,11.66666666666667,0.8045362438549242,1.8714830334855375,1.0669467896306133,0,0,1,1,163
9.173797595445718,103.7148783707336,11.30555555555556,0.9625491539177483,2.0158410623756815,1.053291908457933,0,0,1,1,164
28.1726934887783,34.31946297723903,1.218181818181818,1.449828370286913,1.5355404834934956,0.08571211320658254,0,0,0,0,165
19.1044776119403,212.1393034825871,11.10416666666666,1.2811351669470419,2.326621138598027,1.0454859716509848,0,0,1,1,166
18.33049077896616,531.318573303367,28.98550724637681,1.2631740928805735,2.7253549978072993,1.4621809049267258,0,1,1,1,167
63.63029372656664,856.0129200883405,13.45291479820628,1.8036639280065,2.932480319678002,1.128816391671502,1,1,1,1,168
35.66810825270854,980.8729769494851,27.5,1.5522800760555784,2.9916127698858412,1.4393326938302626,0,1,1,1,169
1077.146540890767,1077.146540890767,1.0,3.0322747911075836,3.0322747911075836,0.0,1,1,0,0,170
225.3106470546266,1239.208558800446,5.500000000000001,2.352781714794486,3.0931444042887297,0.7403626894942439,1,1,1,0,171
12.88701311253584,148.4691302340067,11.52083333333333,1.1101522704131317,2.171636164342243,1.061483893929111,0,0,1,1,172
86.2932348718807,298.6268915869326,3.460606060606061,1.935976749678408,2.47512891371035,0.5391521640319418,1,0,0,0,173
1012.398507049668,1113.638357754635,1.1,3.005351496047093,3.0467441812053178,0.04139268515822507,1,1,0,0,174
15.28554702744894,56.26382203720567,3.680851063829787,1.1842809855384877,1.7502292307315657,0.565948245193078,0,0,0,0,175
10.30937799012233,129.833729063103,12.59375,1.0132324631878207,2.1133875310090238,1.1001550678212035,0,0,1,1,176
7.678791629213737,799.9494103139722,104.1764705882353,0.8852928827848953,2.903062522596696,2.017769639811801,0,1,1,1,177
3.54384868410455,30.28379784598434,8.545454545454545,0.5494751700261397,1.4812103384676132,0.9317351684414736,0,0,1,1,176
4.415145988500243,99.8502246630055,22.61538461538462,0.6449450682650845,1.999349046370405,1.3544039781053205,0,0,1,1,178
12.18579271966584,551.7456148070921,45.27777777777777,1.085853786502142,2.7417388901388122,1.6558851036366704,0,1,1,1,179
1.363036846093095,233.7207297859631,171.4705882352941,0.13450759599507142,2.3686972337118304,2.2341896377167587,0,0,1,1,180
1.945096411945485,47.97904482798864,24.66666666666667,0.2889411327250629,1.6810515977363767,1.3921104650113139,0,0,1,1,181
6.815865972811511,12.6093520497013,1.85,0.8335210418759155,1.1006927702789293,0.2671717284030138,0,0,0,0,182
399.4551431846961,621.1527476522024,1.555,2.601468017289223,2.7931984106520793,0.19173039336285627,1,1,0,0,104
25.19504439540581,294.5213810359508,11.6896551724138,1.4013151279492901,2.4691168282534166,1.0678017003041265,0,0,1,1,113
643.150073394773,1134.970717755482,1.764705882352941,2.8083123235346594,3.054984656876048,0.24667233334138847,1,1,0,0,103
1198.365429554088,1198.365429554088,1.0,3.078589272008885,3.078589272008885,0.0,1,1,0,0,183
823.1739942871725,823.1739942871725,1.0,2.9154916417398242,2.9154916417398242,0.0,1,1,0,0,23
545.462174296144,1258.758863760332,2.307692307692307,2.736764639316593,3.099942541729418,0.36317790241282555,1,1,0,0,184
106.985817246827,172.6037851582142,1.613333333333333,2.0293262085291834,2.237050315453933,0.20772410692474996,1,0,0,0,185
717.6690110521027,1495.143773025214,2.083333333333333,2.8559241938014495,3.1746829564258623,0.3187587626244127,1,1,0,0,186
740.8565948584552,1371.956657145287,1.851851851851852,2.8697341511791494,3.137340391356181,0.2676062401770315,1,1,0,0,187
643.150073394773,1286.300146789546,2.0,2.8083123235346594,3.1093423191986407,0.3010299956639812,1,1,0,0,188
119.8365429554088,295.5968059566751,2.466666666666667,2.078589272008885,2.4706997370201993,0.39211046501131375,1,0,0,0,104
1237.945505638842,1237.945505638842,1.0,3.092701527461773,3.092701527461773,0.0,1,1,0,0,189
113.4781819282213,794.3472734975488,6.999999999999999,2.054912369202893,2.9000104092171495,0.8450980400142567,1,1,1,0,190
281.4879452787434,630.5329974243853,2.24,2.44945980092441,2.7997078192585727,0.35024801833416286,1,1,0,0,191
101.5785303618227,101.9171254630288,1.003333333333333,2.006801925165468,2.008247166039649,0.001445240874180761,1,0,0,0,192
359.2302414386453,549.6222694011273,1.53,2.5553728901809283,2.740064320998527,0.1846914308175988,1,1,0,0,193
164.3604075260054,823.1739942871725,5.008347245409015,2.215797209409473,2.9154916417398242,0.6996944323303511,1,1,1,0,194
930.5788200260562,930.5788200260562,1.0,2.968753163767325,2.968753163767325,0.0,1,1,0,0,195
342.9891642863219,823.1739942871725,2.4,2.5352804000282183,2.9154916417398242,0.38021124171160603,1,1,0,0,196
375.3683301739832,424.1662130966011,1.13,2.5744576284055207,2.6275360718889407,0.05307844348341968,1,1,0,0,105
502.9620874363663,2884.846830081444,5.735714285714286,2.7015352497920553,3.4601227593924984,0.7585875096004429,1,1,1,0,197
41.8215445850113,607.8545187097332,14.53448275862069,1.6214000684711258,2.7837996495329307,1.162399581061805,0,1,1,1,198
17.51528746581446,116.7685831054297,6.666666666666667,1.2434172694751475,2.067326010419466,0.8239087409443188,0,0,1,0,199
10.22310216627535,93.71176985752403,9.166666666666666,1.009582701010517,1.971794140121117,0.9622114391106001,0,0,1,1,200
7.132311510837547,102.7052857560607,14.4,0.8532303031633492,2.011592795258599,1.1583624920952498,0,0,1,1,201
803.3687731453829,64.84973633462464,0.0807222517259692,2.904914946745648,1.8119082146737555,-1.0930067320718924,1,0,0,0,202
29.66002199784965,12.35834249910402,0.4166666666666667,1.4721714687942233,1.0919602270826174,-0.38021124171160603,0,0,0,0,203
1077.427534019775,1077.427534019775,1.0,3.032388069892002,3.032388069892002,0.0,1,1,0,0,204
1731.961619730507,981.4449178472871,0.5666666666666667,3.2385382638222406,2.991865930480852,-0.2466723333413885,1,1,0,0,205
1884.576001809193,1884.576001809193,1.0,3.275213656511427,3.275213656511427,0.0,1,1,0,0,206
52.54612235890053,188.1151180448639,3.58,1.72054067278543,2.2744236994293043,0.5538830266438743,1,0,0,0,207
30.25025604681011,94.20794026006578,3.114285714285714,1.480729054996624,1.974087508586972,0.4933584535903479,0,0,0,0,208
102.414419950329,95.75748265355762,0.9349999999999999,2.0103611096081337,1.9811727204806517,-0.029188389127482253,1,0,0,0,209
98.52863899106673,178.0084077771939,1.806666666666667,1.9935624837767172,2.2504405155954417,0.2568780318187246,1,0,0,0,210
99.18535759627592,242.0122725349133,2.44,1.996447563439425,2.3838373897781544,0.3873898263387294,1,0,0,0,211
33.48564226983948,87.97591469076008,2.627272727272727,1.524858633317655,1.9443637909159779,0.41950515759832274,0,0,0,0,212
31.79933348597014,50.56094024269252,1.59,1.5024180172674884,1.7038151415879397,0.2013971243204515,0,0,0,0,213
313.9677994624871,677.8564790395096,2.159,2.4968851091150697,2.8311377514493006,0.33425264233423074,1,1,0,0,214
189.5806476074922,315.3358105204621,1.663333333333334,2.277794002483926,2.498773293387653,0.22097929090372764,1,0,0,0,215
31.69541969489989,140.0937550514575,4.42,1.500996506856451,2.146418776205543,0.6454222693490919,0,0,1,0,216
453.8852578068264,1361.655773420479,3.0,2.6569460770871514,3.134067331806814,0.47712125471966244,1,1,0,0,217
615.0840313331042,1085.44240823489,1.764705882352941,2.788934452118953,3.0356067854603417,0.24667233334138847,1,1,0,0,218
342.333344073203,604.1176660115347,1.764705882352941,2.534449202502541,2.7811215358439294,0.24667233334138847,1,1,0,0,219
55.09414211533959,1033.015164662617,18.75,1.7411054249456734,3.014106697009411,1.2730012720637376,1,1,1,1,220
56.20447850509312,300.859267291969,5.352941176470588,1.7497709225540499,2.4783633934968696,0.7285924709428196,1,0,1,0,221
103.6530800512737,201.086975299471,1.94,2.0155822116821502,2.3033839416123763,0.287801729930226,1,0,0,0,222
428.5279635922642,965.0449740097789,2.252,2.6319791670703334,2.984547553249642,0.3525683861793086,1,1,0,0,223
23.04560469106087,204.0816326530613,8.855555555555556,1.3625881080146989,2.3098039199714866,0.9472158119567875,0,0,1,1,224
97.64656352426945,117.4844658203964,1.203160270880361,1.9896569637661319,2.0699804465696348,0.08032348280350265,1,0,0,0,225
26.11549735397781,626.7719364954675,24.0,1.4168983011296015,2.7971095428412074,1.380211241711606,0,1,1,1,226
62.41418050181002,137.5948979244448,2.204545454545454,1.7952832725995165,2.1386023303795736,0.34331905778005734,1,0,0,0,227
298.7743847915302,640.2308245532789,2.142857142857143,2.4753433608121864,2.806336579853611,0.3309932190414244,1,1,0,0,228
31.20728502861708,238.7357304689207,7.649999999999999,1.4942559875574126,2.3779174227110302,0.8836614351536175,0,0,1,0,229
54.88584658674067,86.53668478509445,1.576666666666667,1.739460367369188,1.9372002533873371,0.19773988601814924,1,0,0,0,230
31.39313306607313,32.02099572739458,1.02,1.4968346608866132,1.5054348326485307,0.008600171761917567,0,0,0,0,231
818.5427211088526,818.5427211088526,1.0,2.913041350892318,2.913041350892318,0.0,1,1,0,0,232
851.1169491429253,851.1169491429253,1.0,2.929989239141942,2.929989239141942,0.0,1,1,0,0,233
10.05412470466009,28.82182415335891,2.866666666666667,1.0023442676246872,1.4597214641485923,0.45737719652390535,0,0,0,0,234
85.11169491429251,99.86438869943656,1.173333333333334,1.929989239141942,1.9994106479004106,0.06942140875846882,1,0,0,0,235
886.3912353634646,886.3912353634646,1.0,2.9476254531017485,2.9476254531017485,0.0,1,1,0,0,236
12.90567985762997,102.9058157068916,7.973684210526317,1.1107808876586625,2.0124399195441574,0.9016590318854949,0,0,1,0,237
168.1520094165125,509.0419921427152,3.027272727272728,2.2257020615007224,2.706753609848817,0.48105154834809494,1,1,0,0,238
198.5296771787128,433.1556592990098,2.181818181818182,2.297825436396754,2.636643992950135,0.33881855655338106,1,1,0,0,239
597.8965997620372,1674.110479333704,2.8,2.7766260835944543,3.2237841149366737,0.4471580313422192,1,1,0,0,90
1170.106479689652,2700.245722360735,2.307692307692307,3.06822538434232,3.431403286755146,0.36317790241282555,1,1,0,0,240
73.82408774520144,258.6618412726607,3.503759398496241,1.868198089031319,2.4127323647542336,0.5445342757229144,1,0,0,0,241
135.6617828424843,381.0862808938878,2.809090909090909,2.1324575201856253,2.5810233144522345,0.4485657942666096,1,0,0,0,242
70.63304493990232,894.0891764544597,12.65822784810127,1.8490079287783232,2.951380837487882,1.1023729087095586,1,1,1,1,243
12.45029220835813,48.55613961259671,3.899999999999999,1.095179544442861,1.68624415146936,0.5910646070264991,0,0,1,0,244
54.49631778289162,152.8374003274733,2.804545454545455,1.7363671587794587,2.1842296419904943,0.4478624832110355,1,0,0,0,245
12.44357967850315,50.62274460118326,4.068181818181817,1.0949453330064454,1.704345687500151,0.6094003544937056,0,0,1,0,246
83.50946485938039,816.0534025346618,9.77198697068404,1.9217357006722313,2.9117185799147074,0.989982879242476,1,1,1,1,247
19.68675559455408,40.21722928601762,2.042857142857143,1.2941741496840449,1.6044121471348498,0.31023799745080505,0,0,0,0,248
5.889819153102904,21.20334895117045,3.6,0.7701019599797564,1.3264044607470435,0.5563025007672873,0,0,0,0,249
218.6301566252106,1536.04325497806,7.02576112412178,2.339710065905663,3.1864034456003014,0.8466933796946385,1,1,1,0,87
9.660418403454853,1073.379822606095,111.1111111111111,0.984995936599402,3.0307534271600773,2.0457574905606752,0,1,1,1,250
11.00313723595825,360.151467576975,32.73170731707317,1.0415165297045474,2.5564851888177853,1.5149686591132379,0,0,1,1,251
22.69034934061845,122.0740794525272,5.379999999999999,1.3558411823342518,2.086623458000641,0.7307822756663891,0,0,1,0,252
473.0995590712109,1419.298677213633,3.0,2.6749525432862966,3.152073798005959,0.47712125471966244,1,1,0,0,253
22.12217419119538,180.5647731281352,8.162162162162163,1.3448278076614495,2.256633026551605,0.9118052188901556,0,0,1,1,90
9.110683415139677,1138.83542689246,125.0,0.9595509557097435,3.0564609687178,2.0969100130080562,0,1,1,1,123
98.51569683436229,662.0254827269146,6.72,1.9935054335983884,2.8208747066522135,0.8273692730538252,1,1,1,0,254
4.754376998324082,21.63241534237457,4.55,0.6770936161385321,1.3351050127956445,0.6580113966571124,0,0,1,0,255
21.64559701974306,188.3546688033782,8.701754385964913,1.335369568841911,2.2749763896596167,0.9396068208177061,0,0,1,1,256
20.1931814357352,841.3825598223,41.66666666666666,1.3052047474298587,2.924993505718253,1.6197887582883939,0,1,1,1,257
13.38376335364989,49.78759967557758,3.72,1.1265782490009149,1.6971211888828124,0.5705429398818975,0,0,0,0,129
98.51569683436229,212.465519506108,2.156666666666667,1.9935054335983884,2.3272884595474266,0.3337830259490381,1,0,0,0,258
12.20775724718204,108.9307569748551,8.923076923076923,1.0866358846952167,2.037150521615298,0.9505146369200818,0,0,1,1,259
9.673684768939358,72.08455424596748,7.451612903225807,0.9855919311668947,1.8578422172247664,0.8722502860578716,0,0,1,0,260
13.95465666893042,328.7096904236944,23.55555555555556,1.144719155864189,2.5168125073536154,1.3720933514894267,0,0,1,1,261
10.07599744741398,265.9452659605326,26.39393939393939,1.0032880488048206,2.4247922639345965,1.4215042151297757,0,0,1,1,262
100.5412470466009,306.985940982288,3.053333333333334,2.002344267624687,2.487118486572875,0.48477421894818806,1,0,0,0,263
25.17063593611693,1258.531796805846,49.99999999999999,1.4008941881370598,3.0998641924730785,1.6989700043360187,0,1,1,1,264
131.9539744537105,336.0427882754495,2.546666666666667,2.1204224757028665,2.526394579558894,0.40597210385602756,1,0,0,0,265
1113.476780634952,1113.476780634952,1.0,3.0466811651084904,3.0466811651084904,0.0,1,1,0,0,266
22.13483410648268,212.4002166388019,9.595744680851066,1.3450762714285265,2.3271549553707698,0.9820786839422432,0,0,1,1,267
6.453803394700585,30.0242157927375,4.652173913043478,0.8098157311488915,1.4774716728165083,0.6676559416676167,0,0,1,0,268
49.51169094802511,160.5003981565147,3.241666666666666,1.6947077588270623,2.205476114105145,0.5107683552780828,1,0,0,0,269
149.7572684274239,158.9091014979887,1.061111111111111,2.1753879099349236,2.2011487720793452,0.025760862144421377,1,0,0,0,270
24.85707183693761,45.57129836771895,1.833333333333333,1.3954499674287386,1.6586914022033201,0.26324143477458134,0,0,0,0,271
13.20311758614003,81.28169263967453,6.156249999999998,1.1206764910993434,1.90999273894103,0.7893162478416869,0,0,1,0,272
6.125124033761684,590.4619568546264,96.4,0.7871148875888738,2.7711919214917047,1.9840770339028309,0,1,1,1,273
34.42470066158015,95.13735455563969,2.763636363636363,1.536870172557453,1.9783510710079817,0.44148089845052857,0,0,0,0,274
13.19539744537105,131.9539744537105,10.0,1.1204224757028665,2.1204224757028665,1.0,0,0,1,1,275
4.437963608698409,50.08558929816776,11.28571428571429,0.6471837366958388,1.6997127879720235,1.0525290512761847,0,0,1,1,276
3.169974006213149,27.5787738540544,8.7,0.5010557010176008,1.4405749536362193,0.9395192526186185,0,0,1,1,277
8.929339162758701,992.148795862078,111.1111111111111,0.9508193190691671,2.9965768096298424,2.0457574905606752,0,1,1,1,278
27.79876824049458,115.1103924324705,4.140845070422535,1.4440255528170778,2.0611145345101596,0.617088981693082,0,0,1,0,279
1062.703020556219,1062.703020556219,1.0,3.0264119149902107,3.0264119149902107,0.0,1,1,0,0,280
5.841940458942843,5.841940458942843,1.0,0.7665571263307278,0.7665571263307278,0.0,0,0,0,0,281
28.0056281190003,796.3046067571169,28.43373493975903,1.4472453176066766,2.901079228200709,1.4538339105940326,0,1,1,1,266
9.665041865739683,6.765529306017778,0.7,0.985203739587577,0.8303017796018339,-0.1549019599857432,0,0,0,0,282
37.28560775540642,135.0567569806944,3.622222222222222,1.57154122648442,2.130516317113034,0.5589750906286142,0,0,0,0,283
24.72219228794381,148.6501049108416,6.012820512820513,1.3930869800228018,2.172165220047405,0.7790782400246029,0,0,1,0,284
8.230701063680936,62.82768478609779,7.633333333333331,0.9154368285440969,1.7981510561643224,0.8827142276202254,0,0,1,0,285
7.830638940984389,102.5813701268955,13.1,0.8937971997619836,2.011068495417748,1.1172712956557642,0,0,1,1,286
45.33835485746233,834.4482489103497,18.40490797546012,1.6564657573147905,2.921399407630495,1.2649336503157045,0,1,1,1,287
7.107371054520643,22.38821882174003,3.15,0.851708989246315,1.3500195430359156,0.49831055378960054,0,0,0,0,140
25.03539486860734,863.2894782278394,34.48275862068966,1.3985544456612247,2.9361564477622686,1.537602002101044,0,1,1,1,288
32.40022878528897,991.8437383251727,30.61224489795918,1.5105480768682706,2.9964432558954384,1.4858951790271675,0,1,1,1,289
38.11129848229342,1011.804384485666,26.54867256637168,1.5810537457831382,3.005096557019381,1.4240428112362427,0,1,1,1,290
105.6698691768123,1944.84421797814,18.40490797546012,2.023951169751166,3.2888848200668708,1.2649336503157045,1,1,1,1,291
10.83181575081408,331.7243573686812,30.625,1.0347012640547606,2.5207773614273496,1.4860760973725888,0,0,1,1,179
43.33938640096734,1300.18159202902,30.0,1.636882758286051,3.1140040130057134,1.4771212547196624,0,1,1,1,292
972.42210898907,972.42210898907,1.0,2.9878548244028895,2.9878548244028895,0.0,1,1,0,0,293
84.57126047948226,612.8352208658135,7.246376811594203,1.9272228035155194,2.787343717114283,0.8601209135987635,1,1,1,0,294
23.70340574843503,196.091811191599,8.272727272727275,1.374810750714208,2.2924594578770767,0.9176487071628687,0,0,1,1,204
1331.215222002325,1331.215222002325,1.0,3.1242482749876768,3.1242482749876768,0.0,1,1,0,0,119
18.98059044820766,1138.83542689246,60.00000000000001,1.2783097183341563,3.0564609687178,1.7781512503836436,0,1,1,1,295
38.92367574885767,1269.250296158403,32.60869565217392,1.5902138460379263,3.1035472734120337,1.5133334273741073,0,1,1,1,296
11.58220972586108,168.9405073806633,14.58620689655172,1.0637914246933255,2.2277337941694118,1.1639423694760862,0,0,1,1,297
35.19836794506182,800.9424542600799,22.75510204081632,1.5465225268620522,2.9036013142177177,1.3570787873556656,0,1,1,1,298
7.02300798485473,458.0222598818303,65.21739130434784,0.846523162190511,2.6608865852285994,1.8143634230380885,0,1,1,1,299
3.241396523278089,20.74493774897977,6.400000000000001,0.5107321619603217,1.3169121359442089,0.8061799739838873,0,0,1,0,300
9.016987360115932,38.644231543354,4.285714285714286,0.9550614608876583,1.587084675593064,0.6320232147054056,0,0,1,0,301
963.3818556661304,963.3818556661304,1.0,2.9837984625531684,2.9837984625531684,0.0,1,1,0,0,302
32.11272852220434,58.76629319563395,1.83,1.506677207833506,1.7691282975639355,0.26245108973042947,0,0,0,0,302
147.71855120214,590.8742048085599,4.0,2.16943503951508,2.7714950308430426,0.6020599913279624,1,1,1,0,302
98.06281368956878,249.6144348461751,2.545454545454545,1.9915043501820595,2.397269696366054,0.40576534618399407,1,0,0,0,303
1198.159626813215,1198.159626813215,1.0,3.078514681514032,3.078514681514032,0.0,1,1,0,0,304
441.7702617930572,733.3386345764749,1.66,2.6451964775520187,2.8653045655920737,0.22010808804005508,1,1,0,0,305
25.89827607562296,305.1492528910358,11.78260869565217,1.413270856136773,2.484512310993586,1.0712414548568128,0,0,1,1,306
1297.501326989993,1297.501326989993,1.0,3.1131078106855337,3.1131078106855337,0.0,1,1,0,0,307
43.25004423299978,264.2184520415987,6.109090909090908,1.635986555965871,2.4219631438614715,0.7859765878956001,0,0,1,0,308
95.25914297254249,209.5701145395935,2.2,1.978906669932553,2.3213293507547594,0.3424226808222063,1,0,0,0,309
34.65027239917114,1132.137613042225,32.67326732673268,1.5397066531178658,3.0538992192131107,1.5141925660952449,0,1,1,1,310
20.39698002922552,402.7642474427667,19.74626865671642,1.3095658706743096,2.6050509121609844,1.2954850414866745,0,0,1,1,311
13.66586949094636,72.50502979918764,5.305555555555556,1.1356372688941705,1.8603681353746107,0.7247308664804404,0,0,1,0,312
19.44593594450652,470.1853168671726,24.17910447761194,1.2888288508392223,2.672269062681027,1.3834402118418045,0,1,1,1,313
298.2144410343071,546.726475229563,1.833333333333333,2.4745286703364844,2.737770105111066,0.26324143477458134,1,1,0,0,314
6.148971494091562,117.9155710043441,19.17647058823529,0.7888024797111906,2.0715711584008556,1.282768678689665,0,0,1,1,315
199.6605770190676,623.0786972491592,3.120689655172414,2.3002923218899483,2.794542903196195,0.49425058130624727,1,1,0,0,316
972.4189569834267,972.4189569834267,1.0,2.987853416679984,2.987853416679984,0.0,1,1,0,0,300
26.11624017777371,174.1082678518247,6.666666666666666,1.4169106539361844,2.240819394880503,0.8239087409443188,0,0,1,0,317
76.82978361440229,1646.352506022906,21.42857142857143,1.8855296100304273,3.2165228290718515,1.3309932190414244,1,1,1,1,318
814.4228863690041,814.4228863690041,1.0,2.9108499694181655,2.9108499694181655,0.0,1,1,0,0,319
597.3160598377955,1095.079443035958,1.833333333333333,2.776204191635019,3.0394456264096004,0.26324143477458134,1,1,0,0,320
59.65058015712405,216.5095131628947,3.629629629629629,1.7756146719428627,2.33547698347637,0.5598623115335075,1,0,0,0,321
626.0971560131085,1307.671275217252,2.088607594936708,2.7966417310481435,3.1164985839716084,0.31985685292346466,1,1,0,0,322
253.1997674841572,1176.843989715097,4.647887323943662,2.4034633025285963,3.0707188936874084,0.6672555911588122,1,1,1,0,323
381.4726728989568,1328.090046388961,3.481481481481482,2.581463432371459,3.1232275218121703,0.5417640894407114,1,1,0,0,267
13.51214403945546,57.4266121676857,4.25,1.130724266166805,1.7591131962171167,0.6283889300503115,0,0,1,0,324
11.76843989715097,23.18026040347918,1.96969696969697,1.0707188936874084,1.3651183104523765,0.29439941676496817,0,0,0,0,185
112.1851803376774,166.7819681020137,1.486666666666667,2.049935490408058,2.222149094400537,0.17221360399247954,1,0,0,0,325
35.66155755418774,47.78648712261157,1.34,1.552200307499368,1.6793051058641757,0.12710479836480765,0,0,0,0,326
102.2299765552587,118.5867728041001,1.16,2.0095782611963524,2.074036250423271,0.06445798922691845,1,0,0,0,327
19.48924501400149,140.1857974691335,7.19298245614035,1.2897950154847886,2.146704016532033,0.856909001047244,0,0,1,0,328
16.70232197812351,121.536045032303,7.276595744680852,1.2227768515180513,2.0847050996384686,0.8619282481204176,0,0,1,0,329
32.34446285493792,102.1404090155934,3.157894736842105,1.509799943200314,2.0091975926311285,0.49939764943081466,0,0,0,0,330
31.01034815317871,78.45618082754214,2.53,1.4915066420888454,1.8946271632646632,0.40312052117581787,0,0,0,0,331
309.1591489466948,627.5930723617904,2.03,2.4901821031016667,2.7976781410148797,0.3074960379132129,1,1,0,0,332
297.2731137277751,891.8193411833253,3.0,2.4731556320852546,2.9502768868049167,0.47712125471966244,1,1,0,0,333
283.7233583766484,567.4467167532969,2.0,2.4528950918638412,2.7539250875278225,0.3010299956639812,1,1,0,0,330
106.6007163568139,152.7943601114333,1.433333333333333,2.0277601231592777,2.184107324019202,0.15634720085992396,1,0,0,0,334
8.272911533029598,886.3833785388856,107.1428571428572,0.9176583801931427,2.9476216035705862,2.029963223377443,0,1,1,1,335
330.356210174449,1305.75577144051,3.952569169960474,2.5189824752707017,3.1158619540948838,0.596879478824182,1,1,1,0,336
1.906112521634377,42.31569798028317,22.2,0.2801485343309028,1.6265015087815413,1.3463529744506386,0,0,1,1,337
33.62805303919996,258.1599764086274,7.676923076923077,1.5267017237282852,2.4118889127088194,0.8851871889805343,0,0,1,0,338
136.8368787117003,390.9625106048581,2.857142857142857,2.1362031592447903,2.592135114894515,0.45593195564972433,1,0,0,0,339
111.703806833359,323.7791502416202,2.898550724637682,2.048067973997876,2.5102488789246022,0.46218090492672603,1,0,0,0,340
314.1251066062081,314.1251066062081,1.0,2.497102648989347,2.497102648989347,0.0,1,0,0,0,341
28.76750422722493,319.6389358580548,11.11111111111111,1.4589021855830362,2.5046596761437114,1.0457574905606752,0,0,1,1,342
77.91742311498272,275.516008134579,3.536000000000001,1.8916345811209547,2.4401468374619903,0.5485122563410356,1,0,0,0,343
29.86716969268254,314.3912599229742,10.52631578947368,1.4751940694374381,2.4974704641485905,1.022276394711152,0,0,1,1,344
19.1214241024786,36.10124870547959,1.888,1.281520234007882,1.557522223969932,0.2760019899620501,0,0,0,0,345
6.629721039419719,452.0264345058899,68.18181818181819,0.8214952548618619,2.6551638330953367,1.833668578233475,0,1,1,1,346
41.00835824901766,447.3639081711018,10.90909090909091,1.612872382853335,2.650660943742735,1.0377885608893997,0,1,1,1,347
41.23385999541515,446.5761010333771,10.83032490974729,1.615253991998591,2.649895477653805,1.0346414856552137,0,1,1,1,348
37.20828188164209,444.7205005773955,11.95219123505976,1.5706396166340233,2.6480871498726475,1.0774475332386242,0,1,1,1,349
36.87889909874436,440.7836545666656,11.95219123505976,1.5667779481061939,2.644225481344818,1.0774475332386242,0,1,1,1,350
122.5667820098419,422.1588358547942,3.444316877152698,2.0883727838482558,2.625475883560255,0.5371030997119992,1,1,0,0,351
97.74062765121452,153.8437479230117,1.574,1.9900751235665526,2.1870798515895986,0.19700472802304578,1,0,0,0,352
153.7950963647696,485.6687253624303,3.157894736842106,2.1869424885494686,2.686340137980283,0.49939764943081477,1,1,0,0,353
451.0306208500022,476.4407966725375,1.056338028169014,2.6542060274982595,2.678008942170884,0.02380291467262473,1,1,0,0,354
149.2094256379488,471.1876599093121,3.157894736842105,2.173796258614214,2.6731939080450284,0.49939764943081466,1,1,0,0,355
202.5853000989551,467.5045386898964,2.307692307692308,2.3066079290917725,2.669785831504598,0.3631779024128257,1,1,0,0,356
187.0018154759586,467.5045386898964,2.5,2.2718458228325606,2.669785831504598,0.3979400086720376,1,1,0,0,357
20.11997697036482,153.3761321356272,7.623076923076924,1.3036274792840288,2.1857577814624674,0.8821303021784386,0,0,1,0,358
184.0067469140535,460.0168672851338,2.5,2.264833747432489,2.6627737561045266,0.3979400086720376,1,1,0,0,359
196.4517786441805,453.3502584096473,2.307692307692308,2.2932559652010496,2.6564338676138752,0.3631779024128257,1,1,0,0,360
194.1121311122924,447.9510717975978,2.307692307692308,2.2880526776371872,2.651230580050013,0.3631779024128257,1,1,0,0,361
13.2415838699853,441.38612899951,33.33333333333334,1.121939935621359,2.6448186809016967,1.5228787452803376,0,1,1,1,362
12.60485471367765,461.1532212321092,36.58536585365854,1.100537844267782,2.663845246603728,1.5633074023359457,0,1,1,1,363
43.11129559638506,436.9388067201188,10.13513513513513,1.6345910746262364,2.64042061828696,1.0058295436607236,0,1,1,1,364
83.16637054398366,436.1872580978164,5.244755244755245,1.919947748890935,2.639672974817573,0.7197252259266382,1,1,1,0,365
186.6191218565444,430.6595119766411,2.307692307692308,2.270956141507517,2.634134043920343,0.3631779024128257,1,1,0,0,366
42.07516397352782,422.1588358547942,10.03344481605351,1.6240258171650224,2.625475883560255,1.0014500663952328,0,1,1,1,367
314.4418294709395,725.6349910867835,2.307692307692308,2.497540314403138,2.8607182168159637,0.3631779024128257,1,1,0,0,368
58.86822164621302,551.8895779332471,9.375,1.7698809163811835,2.7418521927809403,0.9719712763997564,1,1,1,1,369
311.8243028766259,560.1634183412441,1.796407185628742,2.493909960095611,2.7483147436676902,0.254404783572079,1,1,0,0,370
561.7746085367269,561.7746085367269,1.0,2.7495621057776374,2.7495621057776374,0.0,1,1,0,0,371
32.58292729513016,561.7746085367269,17.24137931034483,1.5129900993405747,2.7495621057776374,1.2365720064370627,0,1,1,1,371
148.6830130593871,561.7746085367269,3.778337531486146,2.172261353485071,2.7495621057776374,0.5773007522925662,1,1,0,0,371
584.1076004080965,584.1076004080965,1.0,2.7664928573162584,2.7664928573162584,0.0,1,1,0,0,372
33.22143247494689,498.3214871242033,15.0,1.521418354862883,2.697509613918564,1.1760912590556813,0,1,1,1,373
522.1014234225141,522.1014234225141,1.0,2.717754877243852,2.717754877243852,0.0,1,1,0,0,374
221.9967017632881,528.5635756268764,2.380952380952381,2.3463465221234103,2.72309723172551,0.37675070960209955,1,1,0,0,375
538.006578027094,538.006578027094,1.0,2.7307875856727164,2.7307875856727164,0.0,1,1,0,0,376
348.3948365255832,493.0115611211083,1.415094339622642,2.5420717098113315,2.6928571036022424,0.15078539379091116,1,1,0,0,377
54.985034906333,64.14920739072183,1.166666666666667,1.7402445050949502,1.8071912947255633,0.0669467896306133,1,0,0,0,378
54.61823614811056,528.5635756268764,9.67741935483871,1.73733767084012,2.72309723172551,0.9857595608853897,1,1,1,1,379
1.728674210600922,8.470503631944519,4.900000000000001,0.2377131529789248,0.9279092330074385,0.6901960800285137,0,0,1,0,380
320.9945544217944,566.4609783914019,1.764705882352942,2.5064976647892148,2.7531699981306033,0.2466723333413887,1,1,0,0,381
5.818723488441106,38.20961757409659,6.566666666666666,0.7648277195756925,1.582172691017623,0.8173449714419305,0,0,1,0,382
22.27648545602536,514.0727412928929,23.07692307692308,1.3478466735998258,2.7110245760126515,1.3631779024128257,0,1,1,1,383
26.96952443738575,599.322765275239,22.22222222222222,1.4308732884610447,2.777660774685701,1.3467874862246563,0,1,1,1,384
12.04351270251336,78.36764603607287,6.507042253521128,1.0807531750297892,1.8941368018668394,0.8133836268370502,0,0,1,0,385
10.7213694762611,536.0684738130551,50.00000000000001,1.0302502627818066,2.7292202671178254,1.6989700043360187,0,1,1,1,386
22.86852183152232,527.7351191889767,23.07692307692308,1.3592380937208652,2.722415996133691,1.3631779024128257,0,1,1,1,387
18.65491294091311,508.7703529339938,27.27272727272727,1.270793226608193,2.70652179616963,1.4357285695614375,0,1,1,1,388
8.69450970693706,579.6339804624706,66.66666666666666,0.9392450966808403,2.763153837625159,1.8239087409443187,0,1,1,1,389
89.39120701448914,46.63889061625521,0.5217391304347827,1.9512948014257105,1.6687482114557426,-0.28254658996996795,1,0,0,0,390
598.1433630012442,598.1433630012442,1.0,2.7768052881661767,2.7768052881661767,0.0,1,1,0,0,391
198.4588642678237,513.255683451268,2.586206896551724,2.2976705016640753,2.710333767156819,0.41266326549274396,1,1,0,0,392
30.21125218087476,566.4609783914019,18.75,1.4801687260668657,2.7531699981306033,1.2730012720637376,0,1,1,1,393
7.773148436042535,24.67974628443505,3.175,0.8905969610720991,1.3923406907000935,0.5017437296279944,0,0,0,0,394
231.3730891061837,550.8883073956755,2.380952380952381,2.364312844968667,2.7410635545707667,0.37675070960209955,1,1,0,0,395
90.98047282156158,593.3509097058363,6.521739130434782,1.9589481895093412,2.7733116125474297,0.8143634230380883,1,1,1,0,396
26.21614839838059,561.7746085367269,21.42857142857143,1.4185688867362132,2.7495621057776374,1.3309932190414244,0,1,1,1,397
123.4600232703438,154.8862110118858,1.254545454545454,2.0915263544890283,2.1900127557320395,0.09848640124301127,1,0,0,0,398
13.46742837283055,58.64847839781046,4.35483870967742,1.1292846744079188,1.768256749068652,0.6389720746607335,0,0,1,0,399
31.9547966432247,507.2189943368999,15.87301587301587,1.504536058091541,2.705195508637959,1.2006594505464183,0,1,1,1,400
25.10358335011048,745.650990597341,29.70297029702971,1.399735718218263,2.872535599155283,1.47279988093702,0,1,1,1,401
678.151539743071,678.151539743071,1.0,2.8313267521567163,2.8313267521567163,0.0,1,1,0,0,402
48.50872065525579,109.3871650776018,2.255,1.6858198209115816,2.038966367125561,0.35314654621397934,1,0,0,0,403
101.7050151325413,459.240707096277,4.515418502202643,2.00734236876038,2.6620403769590304,0.6546980081986504,1,1,1,0,404
89.47451616655383,184.9140000775446,2.066666666666667,1.9516993586209805,2.2669697933995723,0.31527043477859146,1,0,0,0,405
25.66922436160387,40.26544997898647,1.568627450980392,1.40941274593811,1.6049325568321173,0.19551981089400716,0,0,0,0,406
454.2926285196758,704.7360006523176,1.551282051282051,2.657335689887042,2.8480264575130114,0.19069076762596962,1,1,0,0,407
67.35548879878222,187.2482588606146,2.78,1.8283729921584053,2.2724177880764818,0.4440447959180762,1,0,0,0,408
734.5307817366266,734.5307817366266,1.0,2.8660100003417215,2.8660100003417215,0.0,1,1,0,0,409
333.0191852352614,330.3550317533793,0.9920000000000001,2.5224692539321425,2.5189809260863214,-0.0034883278458212987,1,0,0,0,410
1170.827658071491,1170.827658071491,1.0,3.068492973076712,3.068492973076712,0.0,1,1,0,0,411
48.12125085865209,292.0335452872398,6.068702290076336,1.6823369078188817,2.4654327408195877,0.7830958330007061,1,0,1,0,412
1238.635519112146,1238.635519112146,1.0,3.092943529680682,3.092943529680682,0.0,1,1,0,0,413
127.9500819406346,841.3156072808854,6.575342465753425,2.107040568350239,2.92495894560537,0.8179183772551314,1,1,1,0,414
433.4235874215376,764.8651542733016,1.764705882352941,2.6369125424435795,2.883584875784968,0.24667233334138847,1,1,0,0,415
433.4235874215376,764.8651542733016,1.764705882352941,2.6369125424435795,2.883584875784968,0.24667233334138847,1,1,0,0,415
167.1855182751066,720.6272339444253,4.310344827586207,2.2231986558446546,2.8577106709537548,0.6345120151091004,1,1,1,0,416
878.8375908132176,878.8375908132176,1.0,2.9439086248684068,2.9439086248684068,0.0,1,1,0,0,417
1407.406712391747,1407.406712391747,1.0,3.148419617991465,3.148419617991465,0.0,1,1,0,0,418
129.7712565318199,176.9214797383812,1.363333333333333,2.1131785097834235,2.247780563071103,0.13460205328767927,1,0,0,0,419
0.2751039603386964,0.8108327252087895,2.947368421052632,-0.5605031575533836,-0.09106873150001217,0.4694344260533715,0,0,0,0,420
7.588558477431627,10.876933817652,1.433333333333333,0.880159285150421,1.036506486010345,0.15634720085992396,0,0,0,0,421
28.95831161459962,30.6958103114756,1.06,1.4617732371577685,1.487079102422539,0.02530586526477026,0,0,0,0,422
28.95831161459962,30.6958103114756,1.06,1.4617732371577685,1.487079102422539,0.02530586526477026,0,0,0,0,422
356.0559842735994,1070.30856996072,3.006012024048096,2.551518289404124,3.0295090028364156,0.47799071343229127,1,1,0,0,423
1254.201575277179,1254.201575277179,1.0,3.098367341913543,3.098367341913543,0.0,1,1,0,0,424
100.9105735254145,1019.298722478934,10.1010101010101,2.003936674494142,3.0083014798965917,1.00436480540245,1,1,1,1,425
1175.387388093326,1175.387388093326,1.0,3.07018102642359,3.07018102642359,0.0,1,1,0,0,426
966.8748670547058,966.8748670547058,1.0,2.9853702713279557,2.9853702713279557,0.0,1,1,0,0,427
300.8493883702726,876.2603544765221,2.912621359223301,2.478349132903674,2.942633162918164,0.46428403001449026,1,1,0,0,428
1090.159853773225,1090.159853773225,1.0,3.0374901846575653,3.0374901846575653,0.0,1,1,0,0,429
1208.668570991148,1208.668570991148,1.0,3.08230722929545,3.08230722929545,0.0,1,1,0,0,430
281.7092925638206,857.2475849266315,3.04302203567681,2.4498011730156906,2.93310627027632,0.48330509726062965,1,1,0,0,431
933.7126281520582,933.7126281520582,1.0,2.970213232534678,2.970213232534678,0.0,1,1,0,0,432
575.6779454392762,1015.902256657546,1.764705882352941,2.760179591696764,3.0068519250381525,0.24667233334138847,1,1,0,0,433
262.2066563032607,936.4523439402169,3.571428571428572,2.4186437123696383,2.9714856810274193,0.5528419686577808,1,1,0,0,434
1078.062506064102,1078.062506064102,1.0,3.0326439419747886,3.0326439419747886,0.0,1,1,0,0,435
179.4020647351402,1074.263860689462,5.988023952095809,2.2538274370242264,3.031110965876643,0.7772835288524168,1,1,1,0,436
71.98514461668645,561.1903110933515,7.795918367346938,1.85724288147773,2.7491101643609253,0.8918672828831951,1,1,1,0,437
1189.352912725283,1189.352912725283,1.0,3.0753107404955426,3.0753107404955426,0.0,1,1,0,0,438
1126.692856016164,1126.692856016164,1.0,3.051805540609277,3.051805540609277,0.0,1,1,0,0,439
1026.328753626362,1026.328753626362,1.0,3.0112864962693715,3.0112864962693715,0.0,1,1,0,0,440
1019.298722478934,1019.298722478934,1.0,3.0083014798965917,3.0083014798965917,0.0,1,1,0,0,425
897.1694304469399,897.1694304469399,1.0,2.952874467302384,2.952874467302384,0.0,1,1,0,0,441
407.6218142739,1259.387685707209,3.089598352214213,2.6102574176437034,3.100159442455361,0.4899020248116577,1,1,0,0,442
38.7531749589123,627.9881966233378,16.20481927710843,1.5883072890526677,2.7979514810150206,1.2096441919623528,0,1,1,1,443
214.0018343014368,745.650990597341,3.484320557491289,2.330417495889275,2.872535599155283,0.5421181032660076,1,1,0,0,401
760.8284915053498,760.8284915053498,1.0,2.8812867676936404,2.8812867676936404,0.0,1,1,0,0,400
345.7154400133462,602.9920465349062,1.744186046511628,2.5387187760215997,2.780311583833713,0.24159280781211348,1,1,0,0,444
47.3629714906026,518.572680554043,10.94890510948905,1.6754389416348103,2.714809633534085,1.0393706918992744,1,1,1,1,445
38.4105035267826,57.61575529017389,1.5,1.5844500004083375,1.7605412594640186,0.17609125905568124,0,0,0,0,446
1.612239198717118,9.788595135068217,6.07142857142857,0.20742947603997852,0.9907203660760332,0.7832908900360547,0,0,1,0,447
862.3621435164943,299.7012097361901,0.3475352112676057,2.9356896833450397,2.4766884959676387,-0.4590011873774008,1,0,0,0,448
17.82584152826881,408.5088683561603,22.91666666666667,1.251050041326525,2.611201489109163,1.360151447782638,0,0,1,1,449
32.21111402734366,894.7531674262127,27.77777777777778,1.5080057452345164,2.951703244467229,1.4436974992327127,0,1,1,1,450
314.1680359156899,788.5617701483816,2.51,2.4971619969624097,2.8968357184434477,0.3996737214810381,1,1,0,0,451
90.56181255351379,262.62925640519,2.9,1.9569451061378313,2.4193431040367877,0.4623979978989561,1,0,0,0,452
176.5829301356429,814.9981390875824,4.615384615384615,2.246948719025235,2.9111566171020415,0.6642078980768068,1,1,1,0,453
357.2404994076369,1093.593365533583,3.061224489795919,2.5529606878207334,3.0388558668479013,0.48589517902716767,1,1,0,0,454
966.7377756008275,966.7377756008275,1.0,2.9853086891261,2.9853086891261,0.0,1,1,0,0,455
32.50041053150145,1026.328753626362,31.57894736842105,1.5118888468385565,3.0112864962693715,1.4993976494308145,0,1,1,1,456
399.6471040665978,1131.076709622447,2.830188679245283,2.601676670321151,3.0534920597760435,0.4518153894548922,1,1,0,0,457
256.3892873482938,663.0757431421391,2.586206896551724,2.408899875204357,2.821563140697101,0.41266326549274396,1,1,0,0,458
10.21222099246228,17.3883762844628,1.702702702702703,1.0091202043664904,1.2402590297530771,0.23113882538658678,0,0,0,0,459
82.62372903422875,89.38385231884747,1.081818181818182,1.9171047919773092,1.951259068211615,0.034154276234305794,1,0,0,0,460
459.1728428105993,692.2203660461296,1.507537688442211,2.66197619435884,2.8402443726687956,0.17826817830995575,1,1,0,0,461
892.4095413157173,1066.624949779742,1.195219123505976,2.9505642049540395,3.0280117381926637,0.07744753323862423,1,1,0,0,462
6.029920465349061,99.89568237594946,16.56666666666667,0.780311583833713,1.9995467178473827,1.2192351340136698,0,0,1,1,444
23.09841594959536,278.294168067414,12.04819277108434,1.3635821977303137,2.44450410535424,1.0809219076239263,0,0,1,1,463
197.7207280885639,940.0351573148836,4.754358161648176,2.296052201041538,2.9731440965170663,0.677091895475528,1,1,1,0,464
8.760235102809574,9.033992449772372,1.03125,0.9425157617026423,0.9558797232606238,0.013363961557981502,0,0,0,0,465
119.680146864133,370.6907203756332,3.097345132743363,2.0780221134602543,2.56901171432711,0.49098960086685595,1,0,0,0,466
167.6381354176076,797.011737326185,4.754358161648177,2.2243728216777487,2.9014647171532766,0.6770918954755281,1,1,1,0,467
96.60983951011832,462.478281153,4.787072243346008,1.9850213606528753,2.6650913422709803,0.6800699816181047,1,1,1,0,412
75.38450558469827,1338.1864896692,17.75147928994083,1.8772820908224674,3.126516640928456,1.249234550105989,1,1,1,1,468
756.6240704642264,866.3634394628548,1.145038167938931,2.878880153376904,2.937700116776821,0.05881996339991686,1,1,0,0,469
1049.489738089341,1259.387685707209,1.2,3.0209781964077362,3.100159442455361,0.07918124604762482,1,1,0,0,470
204.493108223493,377.8936970679754,1.847953216374269,2.3106786761040325,2.5773696483302824,0.26669097222625,1,0,0,0,471
6.331696472541544,23.21622039931899,3.666666666666667,0.8015200875769498,1.3657915180155122,0.5642714304385626,0,0,0,0,472
58.42435360755778,876.3653041133666,15.0,1.7665939161652704,2.9426851752209515,1.1760912590556813,1,1,1,1,473
586.5561334219685,586.5561334219685,1.0,2.768309580422334,2.768309580422334,0.0,1,1,0,0,474
177.7743013025523,533.322903907657,3.0,2.249868980429772,2.7269902351494344,0.47712125471966244,1,1,0,0,475
976.2860127502954,976.2860127502954,1.0,2.989577067218535,2.989577067218535,0.0,1,1,0,0,476
75.2314657642512,814.7812176633704,10.83032490974729,1.8763995234319049,2.9110410090871186,1.0346414856552137,1,1,1,1,477
235.5600337681436,816.9712153808448,3.468208092485549,2.372101607904879,2.9122067551597275,0.5401051472548483,1,1,0,0,478
979.4351271143556,979.4351271143556,1.0,2.9909756757883454,2.9909756757883454,0.0,1,1,0,0,479
1135.288552507096,1135.288552507096,1.0,3.055106258740199,3.055106258740199,0.0,1,1,0,0,480
546.2183364058116,1078.062506064102,1.973684210526315,2.7373662751998986,3.0326439419747886,0.2952776667748897,1,1,0,0,481
1254.18584525855,1254.18584525855,1.0,3.0983618950194667,3.0983618950194667,0.0,1,1,0,0,482
1254.18584525855,1254.18584525855,1.0,3.0983618950194667,3.0983618950194667,0.0,1,1,0,0,482
315.4754870891388,1074.263860689462,3.40522133938706,2.4989656195690286,3.031110965876643,0.5321453463076145,1,1,0,0,483
50.8652852483768,690.4789852720833,13.57466063348416,1.7064214843286787,2.8391504653632307,1.1327289810345516,1,1,1,1,484
1309.128992843428,1309.128992843428,1.0,3.1169824411420874,3.1169824411420874,0.0,1,1,0,0,485
1309.128992843428,1309.128992843428,1.0,3.1169824411420874,3.1169824411420874,0.0,1,1,0,0,485
1223.366296258538,1223.366296258538,1.0,3.087556511513619,3.087556511513619,0.0,1,1,0,0,486
1223.366296258538,1223.366296258538,1.0,3.087556511513619,3.087556511513619,0.0,1,1,0,0,486
1254.18584525855,1254.18584525855,1.0,3.0983618950194667,3.0983618950194667,0.0,1,1,0,0,482
1184.712470283462,1184.712470283462,1.0,3.0736129598639823,3.0736129598639823,0.0,1,1,0,0,487
291.5975496662792,979.6110291140398,3.35946248600224,2.464783870225893,2.9910536660570086,0.526269795831116,1,1,0,0,488
224.6085808222998,1161.768521494654,5.172413793103448,2.35142634378915,3.0651196049458753,0.7136932611567252,1,1,1,0,489
16.05024635613982,56.93294933876013,3.547169811320755,1.2054817028026352,1.755363682465526,0.5498819796628909,0,0,0,0,490
9.608516989459456,304.2697046662161,31.66666666666666,0.9826563623828801,2.4832587129520656,1.5006023505691852,0,0,1,1,491
9.608516989459456,304.2697046662161,31.66666666666666,0.9826563623828801,2.4832587129520656,1.5006023505691852,0,0,1,1,491
5.93202492636874,5.93202492636874,1.0,0.7732029672655915,0.7732029672655915,0.0,0,0,0,0,492
5.93202492636874,195.7568225701684,33.0,0.7732029672655915,2.291716907143479,1.5185139398778875,0,0,1,1,492
7.240028670513534,118.736470196422,16.4,0.8597402860067004,2.0745841340543985,1.2148438480476977,0,0,1,1,493
7.240028670513534,118.736470196422,16.4,0.8597402860067004,2.0745841340543985,1.2148438480476977,0,0,1,1,493
15.72816791515424,43.17536290434498,2.745098039215686,1.1966781370747617,1.6352359966550634,0.4385578595803016,0,0,0,0,494
15.72816791515424,43.17536290434498,2.745098039215686,1.1966781370747617,1.6352359966550634,0.4385578595803016,0,0,0,0,494
36.8226098115849,1093.740885492621,29.7029702970297,1.5661145659877467,3.0389144469247666,1.47279988093702,0,1,1,1,495
36.8226098115849,1093.740885492621,29.7029702970297,1.5661145659877467,3.0389144469247666,1.47279988093702,0,1,1,1,495
1.669193967391943,70.52932256585676,42.25352112676057,0.2225068064655489,1.8483697124661362,1.6258629060005871,0,0,1,1,496
60.70504262314915,120.3299243455305,1.98220640569395,1.7832247683808116,2.0803736436494606,0.2971488752686489,1,0,0,0,497
7.096858982783546,10.51386515967933,1.481481481481482,0.8510661757224172,1.0217624028913923,0.17069622716897526,0,0,0,0,498
274.6252202415521,918.6984667578804,3.345280764635603,2.438740418220428,2.963172991569387,0.5244325733489592,1,1,0,0,499
63.29335356176191,954.1711592225414,15.07537688442211,1.8013581071263256,2.9796262854362814,1.1782681783099558,1,1,1,1,500
447.6048056479589,610.3701895199438,1.363636363636363,2.650894740624826,2.785593314522282,0.13469857389745601,1,1,0,0,501
20.01811740726961,606.6096184021094,30.3030303030303,1.3014232320804313,2.782909292202544,1.4814860601221125,0,1,1,1,502
66.89429308062157,696.8155529231412,10.41666666666667,1.825389068600192,2.8431178355606233,1.0177287669604318,1,1,1,1,503
478.2227064983807,908.0177971488241,1.89873417721519,2.679630193011111,2.958094360776351,0.27846416776523986,1,1,0,0,504
11.90529817945467,17.05353523002967,1.432432432432432,1.0757402771932356,1.2318144227270298,0.15607414553379392,0,0,0,0,505
100.3612517873803,662.5791380137729,6.601941747572815,2.0015660695513153,2.8212377575523795,0.8196716880010642,1,1,1,0,506
37.48381380767396,195.8070553449822,5.223776223776224,1.5738437719532992,2.2918283363036362,0.717984564350337,0,0,1,0,507
282.2160346324369,871.0371439272743,3.08641975308642,2.4505816853735154,2.9400366751669034,0.4894549897933879,1,1,0,0,508
138.5839113636418,716.8133346395265,5.172413793103448,2.1417128146079722,2.8554060757646975,0.7136932611567252,1,1,1,0,509
307.3613032119256,678.0028747321888,2.205882352941176,2.4876491889301255,2.8312315352795703,0.34358234634944484,1,1,0,0,510
25.27217334720981,596.9804727687358,23.62204724409449,1.4026425918254908,2.7759601255891964,1.3733175337637056,0,1,1,1,511
58.06493236510656,716.8510168531674,12.34567901234568,1.7639139245022843,2.8554289056236346,1.0915149811213503,1,1,1,1,512
39.64783041624169,907.9655820513364,22.90076335877863,1.5982194271130405,2.9580693861769385,1.3598499590638982,0,1,1,1,513
30.04864918625296,189.3911339556084,6.30281690140845,1.4778249534055656,2.277359644338421,0.7995346909328555,0,0,1,0,514
351.2403611163808,836.9508207697716,2.382843526608419,2.5456044149874266,2.9226999395992266,0.37709552461179974,1,1,0,0,515
316.2639572277966,998.7282859825157,3.157894736842106,2.5000497007080162,2.9994473501388312,0.49939764943081477,1,1,0,0,516
67.43368410250898,732.9748272011844,10.8695652173913,1.828876887122638,2.8650890597770826,1.0362121726544444,1,1,1,1,517
1033.193048677168,1033.193048677168,1.0,3.0141814755778347,3.0141814755778347,0.0,1,1,0,0,518
954.1711592225414,954.1711592225414,1.0,2.9796262854362814,2.9796262854362814,0.0,1,1,0,0,519
135.9518686529527,822.2895281428591,6.048387096774193,2.1333851813246856,2.9150247595541505,0.781639578229465,1,1,1,0,520
319.3626682460603,870.9890952165279,2.727272727272727,2.50428414811335,2.9400127176747874,0.43572856956143735,1,1,0,0,521
936.2273159923229,936.2273159923229,1.0,2.971381308241613,2.971381308241613,0.0,1,1,0,0,522
671.8804590287297,671.8804590287297,1.0,2.8272920102527,2.8272920102527,0.0,1,1,0,0,523
942.290960602815,942.290960602815,1.0,2.9741850249511854,2.9741850249511854,0.0,1,1,0,0,524
19.73685390960162,51.49524610959696,2.609090909090909,1.295277926520471,1.7117671380962385,0.41648921157576724,0,0,0,0,525
31.53238168451967,214.9725875426378,6.817518248175185,1.4987567748513144,2.332383083925001,0.8336263090736867,0,0,1,0,526
69.12081562562439,540.0063720751905,7.812499999999999,1.8396088541759592,2.7323988845280907,0.8927900303521316,1,1,1,0,527
1337.333446263713,1337.333446263713,1.0,3.1262397063024756,3.1262397063024756,0.0,1,1,0,0,528
79.44685727492465,204.3950964436698,2.572727272727272,1.9000767222463129,2.310470472612378,0.41039375036606507,1,0,0,0,529
794.7644015881222,1054.996993258569,1.327433628318584,2.90023840632394,3.023251221896202,0.12301281557226146,1,1,0,0,530
87.10295569362987,88.42269744656366,1.015151515151515,1.9400328923171268,1.9465637594760847,0.0065308671589576605,1,0,0,0,531
813.9229464659206,972.8162706763992,1.195219123505976,2.9105832924707546,2.9880308257093793,0.07744753323862423,1,1,0,0,532
756.7215794292805,756.7215794292805,1.0,2.878936118919899,2.878936118919899,0.0,1,1,0,0,533
102.3876934986936,135.1642417223608,1.320121951219512,2.010247759698443,2.1308618123401293,0.12061405264168627,1,0,0,0,534
257.435385269113,930.4893443461917,3.614457831325302,2.410668241756032,2.9687114040996203,0.5580431623435886,1,1,0,0,535
17.86202497038185,496.855919074091,27.81632653061224,1.2519306921567521,2.696230467962912,1.4442997758061598,0,1,1,1,536
11.20488896560705,13.32473282396514,1.189189189189189,1.0494075572688415,1.1246585096880337,0.07525095241919237,0,0,0,0,490
75.83371952357166,902.7823752806149,11.9047619047619,1.879862357963962,2.95558307190208,1.0757207139381182,1,1,1,1,537
27.61300622798804,78.82258141443859,2.854545454545454,1.441113690853471,1.8966506537684609,0.4555369629149898,0,0,0,0,538
6.76649502324291,14.8862890511344,2.2,0.8303637667299177,1.172786447552124,0.3424226808222063,0,0,0,0,539
6.827880512091038,682.7880512091037,99.99999999999999,0.8342859123557633,2.8342859123557633,2.0,0,1,1,1,540
486.8425723544417,760.6915193038152,1.5625,2.6873885484614823,2.881208574477595,0.19382002601611284,1,1,0,0,541
111.8033771418751,566.5711679486914,5.067567567567568,2.0484549220828687,2.7532544700796113,0.7047995479967427,1,1,1,0,542
35.23405018609985,101.8584359925432,2.890909090909091,1.5469625685962913,2.007997003422499,0.46103443482620765,0,0,0,0,543
63.9005870016689,181.1649620845187,2.835106382978723,1.8055048476797577,2.25807420744265,0.45256935976289236,1,0,0,0,544
207.9735425030635,611.6868897148927,2.941176470588235,2.318008089406177,2.786529172363922,0.46852108295774486,1,1,0,0,545
31.35677872135461,969.7972800418952,30.9278350515464,1.4963314412765392,2.986680961729957,1.4903495204534178,0,1,1,1,546
810.0379907817677,810.0379907817677,1.0,2.908505387767505,2.908505387767505,0.0,1,1,0,0,547
812.2047297388762,812.2047297388762,1.0,2.909665514202915,2.909665514202915,0.0,1,1,0,0,548
976.2637734547372,976.2637734547372,1.0,2.9895671740998946,2.9895671740998946,0.0,1,1,0,0,549
864.7795441856168,1259.387685707209,1.456310679611651,2.936905408104852,3.100159442455361,0.16325403435050917,1,1,0,0,550
833.1452394545721,995.7911228540702,1.195219123505976,2.920720717127532,2.9981682503661564,0.07744753323862423,1,1,0,0,551
1066.564276496123,1066.564276496123,1.0,3.027987033331082,3.027987033331082,0.0,1,1,0,0,552
1189.352912725283,1189.352912725283,1.0,3.0753107404955426,3.0753107404955426,0.0,1,1,0,0,553
23.72338532708618,711.7015598125853,30.0,1.3751766629370457,2.852297917656708,1.4771212547196624,0,1,1,1,554
83.0460848890254,682.5705607317157,8.219178082191782,1.9193191629623527,2.8341475532255407,0.9148283902631877,1,1,1,1,555
23.77462855904685,97.50607155862252,4.10126582278481,1.37611374049835,1.9890316594145205,0.6129179189161706,0,0,1,0,556
28.77539755827672,83.44865291900248,2.9,1.4590213325163592,1.9214193304153155,0.4623979978989561,0,0,0,0,557
79.05984665683908,274.5133564473579,3.472222222222222,1.8979559676574298,2.4385634798981988,0.5406075122407691,1,0,0,0,558
1440.493224880199,1440.493224880199,1.0,3.158511219989522,3.158511219989522,0.0,1,1,0,0,559
243.7276684523781,731.1830053571342,3.0,2.38690483396154,2.864026088681203,0.47712125471966244,1,1,0,0,560
1135.288552507096,1135.288552507096,1.0,3.055106258740199,3.055106258740199,0.0,1,1,0,0,561
85.05123324288202,1012.514681462881,11.90476190476191,1.929680615264231,3.0054013292023494,1.0757207139381186,1,1,1,1,562
17.57989083724928,496.1435858512575,28.22222222222223,1.2450161739842003,2.6956073811648134,1.4505912071806133,0,1,1,1,563
180.3146351680116,832.2213930831306,4.615384615384616,2.2560309774975664,2.9202388755743733,0.6642078980768069,1,1,1,0,564
9.247956201679429,35.75876397982712,3.866666666666666,0.9660457642626581,1.553382498769914,0.587336734507256,0,0,1,0,565
70.13821223023979,557.1104832212084,7.943037974683543,1.8459546918500624,2.7459413307126965,0.8999866388626343,1,1,1,0,566
10.14157084709526,25.76507188180959,2.54054054054054,1.006105228901483,1.4110313584341867,0.40492612953270357,0,0,0,0,567
203.5248069198434,585.8340199183567,2.878440366972477,2.308617351407931,2.767774587956402,0.45915723654847096,1,1,0,0,568
0.4716088924756945,1.664501973443628,3.529411764705882,-0.3264180146102085,0.22128431439516136,0.5477023290053696,0,0,0,0,569
1019.174061340689,1019.174061340689,1.0,3.0082483620478326,3.0082483620478326,0.0,1,1,0,0,570
419.4044456871243,998.5820135407721,2.38095238095238,2.622633029675232,2.9993837392773317,0.3767507096020994,1,1,0,0,571
423.7053357538858,977.781544047429,2.307692307692308,2.6270639331392442,2.99024183555207,0.3631779024128257,1,1,0,0,572
284.6788680029492,854.0366040088477,3.0,2.4543552302297433,2.931476484949406,0.47712125471966244,1,1,0,0,573
551.2920052905305,1170.471348812167,2.123142250530786,2.7413816944865563,3.0683607873576606,0.32697909287110394,1,1,0,0,574
171.2696146248715,1109.738323703271,6.479481641468682,2.2336803205179607,3.0452205842196696,0.8115402637017093,1,1,1,0,575
28.16843701025331,33.54604771221076,1.190909090909091,1.4497627498379484,1.5256413603354875,0.07587861049753922,0,0,0,0,576
17.72770740793452,749.0580594901911,42.25352112676057,1.2486525751688162,2.8745154811694036,1.6258629060005871,0,1,1,1,577
175.6531815297461,689.7376238079034,3.926701570680628,2.2446560203865094,2.8386839165304822,0.5940278961439724,1,1,1,0,578
258.9715131335553,693.6736958934517,2.678571428571428,2.4132519943155315,2.841155226365012,0.4279032320494807,1,1,0,0,579
45.10721017274987,300.7147344849992,6.666666666666667,1.6542459673316356,2.4781547082759547,0.8239087409443188,0,0,1,0,580
224.9759275757494,674.9277827272482,3.0,2.35213605108774,2.8292573058074026,0.47712125471966244,1,1,0,0,581
151.4224816977111,556.0189046427579,3.671970624235006,2.1801903596582233,2.74508955784547,0.5648991981872469,1,1,0,0,582
12.51539592355676,595.9712344550836,47.61904761904762,1.0974445930330279,2.775225298299109,1.6777807052660807,0,1,1,1,583
41.17521551482121,77.48426919607263,1.881818181818182,1.6146358809845405,1.8892135412832332,0.2745776602986928,0,0,0,0,584
683.0489563773913,816.3931749530573,1.195219123505976,2.834451832118716,2.9118993653573404,0.07744753323862423,1,1,0,0,585
735.1390613650741,878.6522645797698,1.195219123505976,2.866369499452918,2.943817032691542,0.07744753323862423,1,1,0,0,586
234.8491033281628,816.3931749530573,3.476245654692931,2.3707889063528875,2.9118993653573404,0.5411104590044528,1,1,0,0,587
464.7097991343913,1040.395072688936,2.238805970149254,2.6671818303551844,3.0171982867100393,0.35001645635485484,1,1,0,0,588
705.2932256585675,705.2932256585675,1.0,2.8483697124661362,2.8483697124661362,0.0,1,1,0,0,589
13.75584145628508,573.160060678545,41.66666666666666,1.1384871616936425,2.7582759199820366,1.6197887582883939,0,1,1,1,590
4.86703472735083,124.6384110612887,25.60869565217392,0.6872644450401019,2.095651903809611,1.4083874587695089,0,0,1,1,591
2.546606843283915,78.76103639022418,30.92783505154639,0.405961901786585,1.8963114222400026,1.4903495204534174,0,0,1,1,592
5.806914292848496,728.7677437524861,125.5,0.7639454161112221,2.862589141928279,2.098643725817057,0,1,1,1,593
167.5372031142209,591.3077756972503,3.529411764705882,2.224111261003723,2.7718135900090926,0.5477023290053696,1,1,0,0,594
1101.434802402596,1101.434802402596,1.0,3.0419587949095757,3.0419587949095757,0.0,1,1,0,0,595
51.20718554494306,954.1711592225414,18.63354037267081,1.7093309067484688,2.9796262854362814,1.2702953786878128,1,1,1,1,500
126.0519553276742,913.4199661425666,7.246376811594203,2.1005495868742883,2.960670500473052,0.8601209135987635,1,1,1,0,596
381.248315914394,687.9668858605606,1.804511278195489,2.5812079339530034,2.8375675346975235,0.2563596007445203,1,1,0,0,597
819.1692122921073,979.0867079188532,1.195219123505976,2.91337362138699,2.990821154625614,0.07744753323862423,1,1,0,0,598
151.1318461083549,985.6424746197063,6.521739130434783,2.179355987382397,2.9937194104204856,0.8143634230380884,1,1,1,0,599
126.8906954864545,723.7111909873834,5.70342205323194,2.103429777752392,2.859565288318316,0.7561355105659234,1,1,1,0,600
295.1818935426501,737.9547338566252,2.5,2.4700897143444878,2.8680297230165257,0.3979400086720376,1,1,0,0,601
16.0126798712472,814.2040612498574,50.84745762711864,1.204464021232141,2.910733264309659,1.7062692430775181,0,1,1,1,602
56.70901504058503,1269.604814341456,22.38805970149254,1.7536521042397348,3.1036685605945897,1.350016456354855,1,1,1,1,603
358.9951163045823,1134.863381363274,3.161222339304531,2.5550885405660693,3.054943582858439,0.49985504229236977,1,1,0,0,604
11.30352217751051,28.03273500022607,2.48,1.0532137907321775,1.4476654715583936,0.3944516808262163,0,0,0,0,605
7.837942696800944,41.93299342788504,5.35,0.8942020840267332,1.6225558660479615,0.7283537820212285,0,0,1,0,606
27.81402614982025,198.6385034199663,7.141666666666667,1.4442638586265386,2.298063434502112,0.8537995758755733,0,0,1,0,607
580.3509741605637,829.0728202293768,1.428571428571429,2.763690717771847,2.91859267775759,0.15490195998574333,1,1,0,0,608
302.7275009475617,738.3597584086871,2.439024390243902,2.481051875754258,2.8682680190345224,0.38721614328026444,1,1,0,0,609
47.30695313654955,985.5615236781157,20.83333333333333,1.6749249776703141,2.993683740294727,1.3187587626244126,1,1,1,1,610
294.3938854163293,971.596981572044,3.3003300330033,2.4689287854293034,2.987486156926998,0.518557371497695,1,1,0,0,611
170.296778215867,865.9158214366121,5.084745762711865,2.2312064317775966,2.937475674855115,0.7062692430775183,1,1,1,0,612
74.23854870386243,208.31786696902,2.806060606060606,1.870629473231483,2.3187265200355296,0.44809704680404683,1,0,0,0,613
9.87960235935585,9.87960235935585,1.0,0.994739465173375,0.994739465173375,0.0,0,0,0,0,614
12.48332089624696,832.2213930831306,66.66666666666666,1.0963301346300547,2.9202388755743733,1.8239087409443187,0,1,1,1,615
891.7530676305527,891.7530676305527,1.0,2.950244611985979,2.950244611985979,0.0,1,1,0,0,616
11.61382858569699,290.3457146424248,25.0,1.0649754117752033,2.4629154204472408,1.3979400086720377,0,0,1,1,617
396.0746785275863,738.027351293639,1.86335403726708,2.597777078386975,2.8680724570747875,0.27029537868781256,1,1,0,0,618
505.8644607517276,972.8162706763992,1.923076923076923,2.7040341693441783,2.9880308257093793,0.2839966563652008,1,1,0,0,619
555.1695362064811,1047.489690955625,1.886792452830189,2.7444256270786282,3.0201497574778395,0.275724130399211,1,1,0,0,620
657.05396712759,985.5809506913849,1.5,2.8176010418020416,2.993692300857723,0.17609125905568124,1,1,0,0,621
889.7812050831603,977.781544047429,1.098901098901099,2.9492832278731633,2.99024183555207,0.04095860767890644,1,1,0,0,622
935.0338482253057,935.0338482253057,1.0,2.970827332617328,2.970827332617328,0.0,1,1,0,0,623
120.7214395773718,1031.807175874972,8.547008547008549,2.081784405667311,3.013598543921149,0.9318141382538384,1,1,1,1,624
268.7955272424267,895.985090808089,3.333333333333334,2.429422037781734,2.9523007830620713,0.5228787452803376,1,1,0,0,625
87.54512635379062,902.5270758122745,10.30927835051546,1.9422319738738338,2.9554602396075893,1.013228265733755,1,1,1,1,626
985.6424746197063,985.6424746197063,1.0,2.9937194104204856,2.9937194104204856,0.0,1,1,0,0,627
942.2199329767554,942.2199329767554,1.0,2.9741522876439297,2.9741522876439297,0.0,1,1,0,0,628
64.28249467300442,768.3166693984592,11.95219123505976,1.8080927225047634,2.8855402557433876,1.0774475332386242,1,1,1,1,629
312.1455847007044,780.363961751761,2.5,2.4943571962153084,2.892297204887346,0.3979400086720376,1,1,0,0,630
752.8929913191438,752.8929913191438,1.0,2.8767332543121498,2.8767332543121498,0.0,1,1,0,0,631
671.8804590287297,671.8804590287297,1.0,2.8272920102527,2.8272920102527,0.0,1,1,0,0,632
219.6633370329264,693.6736958934517,3.157894736842106,2.3417575769341976,2.841155226365012,0.49939764943081477,1,1,0,0,633
69.6205679049182,166.7001796729563,2.394409937888198,1.8427375615648494,2.2219360679199753,0.37919850635512586,1,0,0,0,634
564.3892931588492,564.3892931588492,1.0,2.7515787663046063,2.7515787663046063,0.0,1,1,0,0,635
580.7459488130521,580.7459488130521,1.0,2.7639861889169164,2.7639861889169164,0.0,1,1,0,0,636
5.778136083359243,174.1695305126858,30.14285714285714,0.7617877658840946,2.2409721811675305,1.4791844152834357,0,0,1,1,637
97.43284311479667,916.2963302331974,9.40438871473354,1.9887053755566144,2.962035947219096,0.9733305716624813,1,1,1,1,638
76.07057723631529,728.7677437524861,9.580152671755725,1.8812167117669865,2.862589141928279,0.9813724301612927,1,1,1,1,639
8.888568580111228,15.13458974451371,1.702702702702703,0.9488318275829983,1.179970652969585,0.23113882538658678,0,0,0,0,640
1033.171699360811,1033.171699360811,1.0,3.0141725014697585,3.0141725014697585,0.0,1,1,0,0,641
736.2107722360192,736.2107722360192,1.0,2.8670021677539976,2.8670021677539976,0.0,1,1,0,0,642
625.5786602607411,625.5786602607411,1.0,2.796281925651098,2.796281925651098,0.0,1,1,0,0,643
688.8586301357282,688.8586301357282,1.0,2.8381301036906574,2.8381301036906574,0.0,1,1,0,0,644
60.39727061470374,299.99555956839,4.967038353142997,1.7810173130622542,2.477114826488937,0.696097513426683,1,0,1,0,645
43.10108091833392,253.7990954298363,5.888462424195901,1.634488161830832,2.404490069884255,0.7700019080534225,0,0,1,0,646
6.699421808409566,48.29935666006135,7.209481361426256,0.8260373226631121,1.6839413460549053,0.8579040233917932,0,0,1,0,647
30.19811838193423,299.9968558183082,9.93428968070338,1.4799798832948574,2.477116703026614,0.9971368197317565,0,0,1,1,648
83.9985606634922,164.8983555929752,1.963109299617368,1.924271844380233,2.217216324774551,0.29294448039431775,1,0,0,0,649
72.1981980009415,99.99890522535937,1.385060957117729,1.8585263581234635,1.9999952454281205,0.14146888730465684,1,0,0,0,650
72.26826357794249,99.99890522535937,1.38371811185845,1.858947619854611,1.9999952454281205,0.1410476255735094,1,0,0,0,650
47.00040990651487,199.9947108836791,4.255169503446336,1.6721016455817006,2.301018510341951,0.6289168647602502,1,0,1,0,19
60.99673397067186,0.700807912518016,0.01148926945588554,1.7853065816257112,-0.1544010033817665,-1.9397075850074776,1,0,0,0,19
11.00136194745263,0.700807912518016,0.06370192307692307,1.0414464533081684,-0.1544010033817665,-1.1958474566899349,0,0,0,0,19
3.398257236172267,70.00145450698825,20.59922178988327,0.5312562503487391,1.845107063982774,1.3138508136340348,0,0,1,1,19
2.003252806537348,70.00145450698825,34.94389438943895,0.30173575985576834,1.845107063982774,1.5433713041270056,0,0,1,1,19
5.0973858542584,70.00145450698825,13.73281452658885,0.7073475094044203,1.845107063982774,1.1377595545783539,0,0,1,1,19
52.99694553532469,70.00145450698825,1.320858283433134,1.7242508398766339,1.845107063982774,0.12085622410614018,1,0,0,0,19
26.00261811257884,499.9867772091978,19.22832443427409,1.41501707776321,2.6989585190139884,1.2839414412507786,0,1,1,1,19
0.6016369815013157,99.99735544183956,166.2087912087912,-0.22066547632544306,1.9999885146779697,2.220653991003413,0,0,1,1,19
63.99830748277732,283.9924894548244,4.4375,1.806168488661857,2.4533068547250076,0.6471383660631504,1,0,1,0,19
64.19664934481074,284.0916603858411,4.425334706488155,1.8075123612614683,2.4534584850373666,0.6459461237758982,1,0,1,0,19
2.901272339797016,100.000703338749,34.46787878787879,0.46258849754435943,2.000003054550634,1.5374145570062747,0,0,1,1,651
1.399644110592985,100.000703338749,71.44723618090451,0.14601762106812233,2.000003054550634,1.8539854334825119,0,0,1,1,651
0.2004515434768848,19.99943732900077,99.7719298245614,-0.6979905953330742,1.301017777246602,1.9990083725796761,0,0,1,1,651
0.2004515434768848,19.99943732900077,99.7719298245614,-0.6979905953330742,1.301017777246602,1.9990083725796761,0,0,1,1,651
0.2004515434768848,19.99943732900077,99.7719298245614,-0.6979905953330742,1.301017777246602,1.9990083725796761,0,0,1,1,651
0.2004515434768848,19.99943732900077,99.7719298245614,-0.6979905953330742,1.301017777246602,1.9990083725796761,0,0,1,1,651
0.003516693745208505,19.99943732900077,5686.999999999999,-2.4538654510055657,1.301017777246602,3.7548832282521674,0,0,1,1,651
0.2110016247125103,105.5008123562551,499.9999999999999,-0.6757142006219219,2.023255803714097,2.6989700043360187,0,0,1,1,651
0.02110016247125103,250.0017583468726,11848.33333333333,-1.675714200621922,2.397943063222672,4.073657263844594,0,0,1,1,651
0.1793513810056337,100.000703338749,557.5686274509803,-0.7462952749076294,2.000003054550634,2.7462983294582632,0,0,1,1,651
44.00249849421107,200.0022307984028,4.545247148288974,1.6434773367462434,2.3010348397541485,0.6575575030079049,0,0,1,0,652
28.00209695049858,500.0055769960069,17.85600477992432,1.44719055491117,2.698974848426186,1.251784293515016,0,1,1,1,652
41.00207464251456,363.0066700872243,8.853373231773666,1.6128058319148781,2.5599146050787063,0.9471087731638282,0,0,1,1,652
10.99783612554934,61.99946460838335,5.637423935091277,1.041307244142016,1.7923879391977908,0.751080695055775,0,0,1,0,652
67.0020300265465,335.0045731367256,4.999916763775595,1.8260879611481597,2.525050735617409,0.6989627744692493,1,0,1,0,652
68.99859459700627,326.0033015816361,4.724781765276431,1.8388402448679646,2.5132219983851947,0.6743817535172302,1,0,1,0,652
55.76996006870859,345.7737524259933,6.2,1.7464003335368232,2.5387920230350773,0.7923916894982539,1,0,1,0,652
67.0020300265465,335.205344992973,5.002913267854169,1.8260879611481597,2.525310935025204,0.6992229738770445,1,0,1,0,652
71.9990184487028,318.9037856648895,4.429279628195197,1.8573265758032436,2.503659674726225,0.6463330989229811,1,0,1,0,652
41.00207464251456,363.0066700872243,8.853373231773666,1.6128058319148781,2.5599146050787063,0.9471087731638282,0,0,1,1,652
64.00160617484998,362.5047404466059,5.663994423143953,1.806190873110784,2.559313690179679,0.7531228170688948,1,0,1,0,652
0.1088302983550621,0.8002227820225151,7.352941176470588,-0.9632501802206168,-0.09678908859083453,0.8664610916297825,0,0,1,0,653
2.999234987020386,0.8002227820225151,0.2668089647812167,0.477010493624906,-0.09678908859083453,-0.5737995822157406,0,0,0,0,653
29.00007362049595,0.8002227820225151,0.02759381898454746,1.462399100413941,-0.09678908859083453,-1.5591881890047754,0,0,0,0,653
1.501217939074238,0.8002227820225151,0.5330490405117271,0.17644374545221103,-0.09678908859083453,-0.27323283404304566,0,0,0,0,653
16.00125474932221,0.7009951570517231,0.04380876175235047,1.204154039489718,-0.15428498242275385,-1.358439021912472,0,0,0,0,653
21.00104669139888,0.7009951570517231,0.03337905807041609,1.3222409404944273,-0.15428498242275385,-1.4765259229171812,0,0,0,0,653
0.1504418830202328,0.9986780319640987,6.638297872340425,-0.8226312393271549,-0.0005745032444294091,0.8220567360827253,0,0,1,0,653
0.00960267338427018,0.9986780319640987,104.0,-2.01760784254321,-0.0005745032444294091,2.0170333392987803,0,0,1,1,653
0.05121425804944096,99.99903973266157,1952.5625,-1.2906091146069474,1.999995829591914,3.2906049441988614,0,0,1,1,653
0.960267338427018,960.2673384270181,1000.0,-0.017607842543209757,2.98239215745679,3.0,0,1,1,1,653
0.0320089112809006,128.0900602727799,4001.7,-1.4947290972628722,2.107515430008788,3.6022445272716603,0,0,1,1,653
18.99088706295833,35.16819082432549,1.851845609303893,1.2785452510745816,1.5461500272529147,0.26760477617833295,0,0,0,0,653
0.1984552499415837,160.2974268036221,807.7258064516129,-0.7023374077646184,2.204926550838503,2.9072639586031217,0,0,1,1,653
0.0160044556404503,249.999199777218,15620.6,-1.7957590929268534,2.3979386185404588,4.193697711467312,0,0,1,1,653
8.299910695137527,299.9971191979847,36.14462013112225,0.9190734195064794,2.4771170843115766,1.5580436648050973,0,0,1,1,653
49.89869179579595,1805.081734754956,36.17493104111874,1.6980891597854229,3.2564968716984013,1.5584077119129782,1,1,1,1,653
7.501771023999935,100.0004094853179,13.33024017467249,0.8751638040787739,2.0000017783684987,1.1248379742897248,0,0,1,1,654
9.999631463213888,1.101515505161563,0.1101556101556102,0.9999839943558061,0.04199061474935056,-0.9579933796064555,0,0,0,0,654
8.70156300545844,1.101515505161563,0.1265882352941177,0.9395972691332727,0.04199061474935056,-0.8976066543839222,0,0,0,0,654
8.20199091761565,1.101515505161563,0.1342985521717424,0.9139192840405186,0.04199061474935056,-0.8719286692911682,0,0,0,0,654
10.99877563889947,100.0004094853179,9.091958302308264,1.041344343079639,2.0000017783684987,0.9586574352888598,0,0,1,1,654
9.999631463213888,250.0030711398843,25.0012285012285,0.9999839943558061,2.397945343755688,1.3979613493998817,0,0,1,1,654
98.27647629694238,1310.353017292565,13.33333333333333,1.9924495764585484,3.1173883130668485,1.1249387366083,1,1,1,1,654
43.99919740877691,2130.007493581318,48.410144253141,1.6434447545744044,3.3283811313332405,1.6849363767588361,0,1,1,1,654
29.99889438964166,2130.007493581318,71.00286650286651,1.4771052490754684,3.3283811313332405,1.8512758822577722,0,1,1,1,654
22.00164613097797,57.99950042791215,2.636143681369812,1.3424551753156362,1.7634242528330157,0.42096907751737944,0,0,0,0,654
15.35979427457628,3039.683222158069,197.8986936816849,1.186385398897665,3.482828326359704,2.296442927462039,0,1,1,1,654
23.75014843842774,323.50159085046,13.62103448275862,1.3756663283098796,2.5098764206952215,1.134210092385342,0,0,1,1,654
34.99871012124861,2130.007493581318,60.85959985959985,1.5440520387060817,3.3283811313332405,1.7843290926271589,0,1,1,1,654
2.198936157144086,100.0004094853179,45.47672253258844,0.34221262044649803,2.0000017783684987,1.6577891579220008,0,0,1,1,654
24.60187789966791,2000.008189706358,81.29494007989346,1.3909682587430545,3.30103177403248,1.9100635152894256,0,1,1,1,654
43.99919740877691,2130.007493581318,48.410144253141,1.6434447545744044,3.3283811313332405,1.6849363767588361,0,1,1,1,654
12.80051103767674,250.0030711398843,19.53071017274472,1.1072273084301103,2.397945343755688,1.2907180353255772,0,0,1,1,654
122.1003320925928,2151.607844100749,17.62163793681669,2.086716845155238,3.3327631189168634,1.2460462737616256,1,1,1,1,654
255.9283236899541,511.8566473799082,2.0,2.4081183520910177,2.709148347754999,0.3010299956639812,1,1,0,0,654
4.940994816367045,199.9968488553467,40.47704081632653,0.6938143982682127,2.3010231529864025,1.6072087547181897,0,0,1,1,655
20.00033184555907,99.99834077220461,4.999834079973454,1.301037201538958,1.9999927940054603,0.6989555924665025,0,0,1,0,656
0.03088601687062877,50.00102953389569,1618.888888888889,-1.5102380956689139,1.6989789466617515,3.2092170423306654,0,0,1,1,657
5.258590502869844,199.9969550720887,38.03242617255356,0.7208693527362042,2.3010233836367,1.5801540309004956,0,0,1,1,658
5.258590502869844,99.99847753604433,19.01621308627678,0.7208693527362042,1.9999933879727185,1.2791240352365143,0,0,1,1,658
931.9899244332495,931.9899244332495,1.0,2.96941121730388,2.96941121730388,0.0,1,1,0,0,659
6.950765411667358,99.99681741510456,14.38644688644689,0.8420326313182126,1.9999861779894674,1.157953546671255,0,0,1,1,660
16.79768307819611,100.7988288087585,6.00075786282683,1.2252493831695437,2.003455486029661,0.7782061028601175,0,0,1,0,660
1.29996750081248,99.99819448958222,76.92361111111111,0.11393249508050406,1.9999921586970975,1.8860596636165934,0,0,1,1,661
0.1594867535719015,99.99819448958222,627.0,-0.7972753821336189,1.9999921586970975,2.7972675408307164,0,0,1,1,661
39.99892949617183,299.9953165457518,7.500083635349877,1.602048368324795,2.477114474672285,0.8750661063474898,0,0,1,0,662
54.64029956265458,875.3599011568132,16.02040816326531,1.7375130716773421,2.942186648394081,1.204673576716739,1,1,1,1,662
1076.690511772534,861.3524094180272,0.7999999999999998,3.0320908858930733,2.9351808728850166,-0.09691001300805652,1,1,0,0,663
42.99872424130064,282.9984728602761,6.581555100847706,1.6334555703892932,2.4517840919548743,0.8183285215655812,0,0,1,0,664
28.93001906706633,199.9991273653852,6.913204132418369,1.4613487198809232,2.3010281007578577,0.8396793808769343,0,0,1,0,665
7.001022169344973,7.001022169344973,1.0,0.8451614528853332,0.8451614528853332,0.0,0,0,0,0,263
172.264101539352,80.79186362195608,0.469,2.236194783381148,1.9073676260962313,-0.32882715728491674,1,0,0,0,666
134.6532946968146,143.9443720308949,1.069,2.1292169841949167,2.158194689403695,0.028977705208777998,1,0,0,0,667
53.33418668032022,106.6683733606404,2.0,1.727005676703563,2.028035672367544,0.3010299956639812,1,0,0,0,668
669.0648926039337,479.4965063661524,0.7166666666666666,2.825468242032472,2.680785447228415,-0.14468279480405716,1,1,0,0,662
335.2875006496195,331.0964068914993,0.9875000000000002,2.525417363449457,2.5199544677479553,-0.005462895701502089,1,0,0,0,669
659.0680514125805,425.0988931611145,0.645,2.8189302595516947,2.6284899741869627,-0.1904402853647322,1,1,0,0,670
110.5227616101398,118.8119687309003,1.075,2.04345172800941,2.0748601922610344,0.031408464251624114,1,0,0,0,671
0.179381485241712,0.8802637832479885,4.90721649484536,-0.7462223844374688,-0.055387165983220604,0.6908352184542482,0,0,1,0,672
35.48960968210803,248.6533162440691,7.006369426751593,1.5501012229644193,2.395594255713411,0.8454930327489913,0,0,1,0,673
40.09883420713134,299.9944494063388,7.481375838926174,1.603131746566077,2.477113219337999,0.8739814727719221,0,0,1,0,674
840.9990395790968,630.7492796843227,0.7500000000000001,2.924795499833897,2.799856763225597,-0.12493873660829989,1,1,0,0,675
647.1034356015604,417.3817159630064,0.6449999999999999,2.810973705584592,2.6205334202198594,-0.1904402853647323,1,1,0,0,676
41.69997002697571,299.9987511239884,7.194219826295298,1.620135742812517,2.477119446782698,0.8569837039701809,0,0,1,0,677
81.89919922166115,297.2953052342961,3.630014799408024,1.9132796554195883,2.473188051058494,0.5599083956389055,1,0,0,0,678
99.098207587825,299.9952117217052,3.027251642829532,1.996065799371686,2.477114322921539,0.4810485235498534,1,0,0,0,679
74.79922477681112,299.9953165457518,4.010674140552789,1.8738970968364155,2.477114474672285,0.6032173778358693,1,0,1,0,680
34.99832915898796,293.6974553587676,8.391756475704293,1.5440473113687738,2.46790018374298,0.9238528723742064,0,0,1,1,681
6.0001840144057,239.9975026616369,39.99835706462212,0.7781645695862319,2.3802067226036336,1.6020421530174016,0,0,1,1,682
6.000688973564777,559.994103108354,93.32163449486089,0.7782011170901881,2.748183453790154,1.9699823366999656,0,1,1,1,683
17.99975910386638,29.99959850644397,1.666666666666667,1.2552666928498828,1.4771154424662392,0.22184874961635642,0,0,0,0,684
2.999592332235689,119.9987363803615,40.00501504513541,0.4770622347559854,2.079176672831578,1.6021144380755925,0,0,1,1,685
3.000561825029652,479.99694811095,159.9690245030051,0.4772025796082314,2.6812384760781134,2.204035896469882,0,1,1,1,686
13.99898649871503,299.9945705288305,21.42973497091144,1.1460965946819237,2.477113394683974,1.3310168000020504,0,0,1,1,687
24.00007239294893,299.9945705288305,12.49973606816982,1.380212551703724,2.477113394683974,1.09690084298025,0,0,1,1,688
982.6746105972958,1734.057293290381,1.764630198633477,2.9924097353133066,3.2390634424762954,0.24665370716298893,1,1,0,0,205
2.391065672683275,131.3645718968161,54.93975903614458,0.37859150455252666,2.118478254840888,1.739886750288361,0,0,1,1,653
42.89863750334651,2161.357833132303,50.38290162394309,1.6324434988473127,3.3347266743750112,1.7022831755276986,0,1,1,1,689
1.698796253251699,49.99950544505,29.43231441048034,0.23014129446962683,1.6989657086650587,1.4688244141954316,0,0,1,1,690
57.60013828433144,345.4986878702642,5.99822670849816,1.7604235260629688,2.5384464023562785,0.7780228762933097,1,0,1,0,691
1170.00414454178,1170.00414454178,1.0,3.0681874001636293,3.0681874001636293,0.0,1,1,0,0,280
1013.977848720666,1114.978098445631,1.099607944939228,3.0060284675382816,3.047266336606039,0.041237869067757324,1,1,0,0,174
21.39941291752604,20.2997030355416,0.9486102779444111,1.3304018588549724,1.307489684663511,-0.022912174191461573,0,0,0,0,692
25.79955983989498,25.79955983989498,1.0,1.4116122966324,1.4116122966324,0.0,0,0,0,0,693
6.899599176084172,100.0006958748539,14.49369641956631,0.8388238616544846,2.0000030221355765,1.1611791604810913,0,0,1,1,694
8.499794602212953,26.70171231618568,3.141453831041257,0.9294084311021399,1.4265391125116158,0.4971306814094759,0,0,0,0,695
2.118518810476322,36.79982132182435,17.37054263565891,0.3260323244851324,1.5658457100013952,1.2398133855162627,0,0,1,1,696
2.499627846970674,16.20106187664368,6.481389578163773,0.39787535425682696,1.209543480718754,0.811668126461927,0,0,1,0,697
49.99955739547894,4.198841556433552,0.08397757450575392,1.69896615990498,0.6231294868158673,-1.0758366730891127,1,0,0,0,698
4.428858441605501,99.9995973765053,22.57909090909091,0.6462917992705138,1.9999982514248595,1.3537064521543458,0,0,1,1,699
3.388437588899074,30.49909915605145,9.000932835820894,0.5299994908477104,1.4842870118932217,0.9542875210455115,0,0,1,1,700
0.2212599171855739,13.5000158042798,61.01428571428571,-0.6550972544947841,1.130334276917783,1.7854315314125673,0,0,1,1,701
0.4284836529444103,36.99915920188857,86.34905660377359,-0.36806574216893084,1.5681918549283684,1.9362575970972993,0,0,1,1,702
0.5215928807894148,6.901347980513006,13.23129251700681,-0.2826683449122036,0.8389339260013469,1.1216022709135507,0,0,1,1,703
0.05677201423558256,9.700917932505172,170.875,-1.2458656970044548,0.9868128305714239,2.2326785275758785,0,0,1,1,704
0.4399831103257649,8.100656781239687,18.41129032258064,-0.3565639944981446,0.9085202318298555,1.265084226328,0,0,1,1,705
0.1490256260661674,6.601518158931074,44.29787234042553,-0.8267390449958129,0.8196438222429869,1.6463828672388,0,0,1,1,706
0.04121985401830161,7.800064683463228,189.2307692307692,-1.3848935506246938,0.8920982041718486,2.2769917547965424,0,0,1,1,707
0.04287833700657754,6.700454796227849,156.2666666666666,-1.3677620666658483,0.8261042816245233,2.1938663482903715,0,0,1,1,708
0.01334138263418929,4.39932092362392,329.75,-1.874799159978469,0.6433856442399339,2.5181848042184027,0,0,1,1,709
0.01715133480263101,2.798526128629294,163.1666666666667,-1.765702075337886,0.44692936608160827,2.2126314414194943,0,0,1,1,710
0.2496383914476824,46.89897721682563,187.8676470588235,-0.6026886244714066,1.6711633716291074,2.273851996100514,0,0,1,1,711
99.99941086714465,6.000318131741889,0.06000353481795687,1.9999974414209813,0.77817427691653,-1.2218231645044515,1,0,0,0,712
37.90171792196523,100.0003443419453,2.638411919687472,1.5786588951163887,2.0000014954554928,0.421342600339104,0,0,0,0,713
0.9309499376294266,50.00092173261152,53.70957095709571,-0.031073672827325247,1.6989780103299648,1.7300516831572899,0,0,1,1,714
0.2113575587895645,99.9996936846974,473.1304347826086,-0.6749822158647867,1.999998669687506,2.674980885552293,0,0,1,1,715
0.08999802584975555,55.00040644269739,611.1290322580645,-1.045767016915796,1.7403658988609434,2.786132915776739,0,0,1,1,716
0.04433287337977201,8.401079505466797,189.5,-1.3532741195344529,0.9243350947696384,2.277609214304091,0,0,1,1,717
1.358819652182731,19.50007605333874,14.35074626865672,0.13316181930838097,1.2900363051820531,1.1568744858736724,0,0,1,1,718
0.5609595639200207,81.50066962712341,145.2879581151832,-0.2510684431989672,1.9111611770120003,2.1622296202109674,0,0,1,1,719
2.620004039406656,100.0005610287022,38.16809421841542,0.4183019608963365,2.0000024365098605,1.5817004756135244,0,0,1,1,720
0.08589494217330829,71.2013654525001,828.9354838709678,-1.0660324083561048,1.852488322327866,2.918520730683971,0,0,1,1,721
99.99999999999999,99.99999999999999,1.0,2.0,2.0,0.0,1,0,0,0,722
99.99999999999999,99.99999999999999,1.0,2.0,2.0,0.0,1,0,0,0,722
6.000683189736971,99.99999999999999,16.66476913345983,0.778200698490637,2.0,1.221799301509363,0,0,1,1,722
100.0004516936253,100.0004516936253,1.0,2.0000019616760594,2.0000019616760594,0.0,1,0,0,0,723
100.0004516936253,100.0004516936253,1.0,2.0000019616760594,2.0000019616760594,0.0,1,0,0,0,723
5.099621029048417,100.0004516936253,19.60938883968113,0.7075379033315893,2.0000019616760594,1.29246405834447,0,0,1,1,723
5.998491343291672,100.0004516936253,16.67093373493976,0.77804203643862,2.0000019616760594,1.2219599252374391,0,0,1,1,723
100.0011153992014,68.00031231177638,0.6799955384529585,2.000004844090167,1.832510907338143,-0.16749393675202456,1,0,0,0,724
100.0011153992014,68.00031231177638,0.6799955384529585,2.000004844090167,1.832510907338143,-0.16749393675202456,1,0,0,0,724
15.00211925848261,68.00031231177638,4.532713754646839,1.1761526135392313,1.832510907338143,0.6563582937989114,0,0,1,0,724
9.99955384031945,100.0011153992014,10.00055772448411,0.9999806230990061,2.000004844090167,1.0000242209911614,0,0,1,1,724
99.9990355031298,99.9990355031298,1.0,1.9999958112231142,1.9999958112231142,0.0,1,0,0,0,725
99.9990355031298,99.9990355031298,1.0,1.9999958112231142,1.9999958112231142,0.0,1,0,0,0,725
99.9990355031298,99.9990355031298,1.0,1.9999958112231142,1.9999958112231142,0.0,1,0,0,0,725
99.9990355031298,99.9990355031298,1.0,1.9999958112231142,1.9999958112231142,0.0,1,0,0,0,725
4.701922242262324,99.9990355031298,21.26769230769231,0.6722754427311517,1.9999958112231142,1.3277203684919625,0,0,1,1,725
7.002247277707584,99.9990355031298,14.28099173553719,0.8452374433966898,1.9999958112231142,1.1547583678264244,0,0,1,1,725
1.200798603408532,99.9990355031298,83.27710843373494,0.07947017412835129,1.9999958112231142,1.920525637094763,0,0,1,1,725
1.702336975916513,67.99702934963976,39.94334277620397,0.23104553242043743,1.8324899396879948,1.6014444072675573,0,0,1,1,725
99.99745132021613,99.99745132021613,1.0,1.999988931083281,1.999988931083281,0.0,1,0,0,0,726
99.99745132021613,99.99745132021613,1.0,1.999988931083281,1.999988931083281,0.0,1,0,0,0,726
99.99745132021613,99.99745132021613,1.0,1.999988931083281,1.999988931083281,0.0,1,0,0,0,726
99.99745132021613,99.99745132021613,1.0,1.999988931083281,1.999988931083281,0.0,1,0,0,0,726
23.4013479233489,499.9946482662166,21.36606189967983,1.3692408735987183,2.6989653558542397,1.3297244822555216,0,1,1,1,727
499.9821590697342,499.9821590697342,1.0,2.6989545076244084,2.6989545076244084,0.0,1,1,0,0,728
147.8984743977439,314.3997825422174,2.125781106414262,2.1699636941858134,2.4974822369833127,0.3275185427974996,1,0,0,0,729
6.199365507841834,40.40173476375257,6.517075773745998,0.7923472426363287,1.6064000131836313,0.8140527705473025,0,0,1,0,730
205.6012623681312,500.0016540462935,2.431899728081608,2.313025776849651,2.6989714410199985,0.3859456641703479,1,1,0,0,731
7.599131353802765,36.29917734453761,4.776753507014027,0.880763951516222,1.5598967826455812,0.6791328311293591,0,0,1,0,732
499.9930234342843,499.9930234342843,1.0,2.6989639445257563,2.6989639445257563,0.0,1,1,0,0,733
499.995374553259,499.995374553259,1.0,2.6989659867054434,2.6989659867054434,0.0,1,1,0,0,734
100.0965883228048,499.9833468408957,4.995008873114463,2.000419275303193,2.698955539344919,0.698536264041726,1,1,1,0,735
25.50144961836578,85.99927129817918,3.372328733667115,1.4065648684089835,1.9344947713305385,0.5279299029215551,0,0,0,0,736
321.3975505949796,499.9937958332817,1.555686391846111,2.50704256263536,2.698964615431844,0.19192205279648408,1,1,0,0,737
499.9957670524293,499.9957670524293,1.0,2.698966327628911,2.698966327628911,0.0,1,1,0,0,738
49.00034799788956,305.2951807905165,6.230469644902635,1.6901991643759928,2.4847199488364775,0.7945207844604849,1,0,1,0,739
499.9911427609786,499.9911427609786,1.0,2.6989623109678127,2.6989623109678127,0.0,1,1,0,0,740
83.19812511267354,499.9887326482784,6.009615384615384,1.9201135394830955,2.6989602175283904,0.7788466780452948,1,1,1,0,741
27.80031248122108,376.0929331170002,13.52837071061875,1.4440496775046703,2.5752951729939877,1.1312454954893174,0,0,1,1,742
32.90066702722193,292.8948080043267,8.902397260273972,1.5172047029136582,2.466711673234838,0.9495069703211799,0,0,1,1,743
12.89872596527243,29.19954801158601,2.263754427390791,1.110546816223539,1.4653761289280987,0.35482931270455964,0,0,0,0,744
30.29906160626449,30.29906160626449,1.0,1.4814291781547118,1.4814291781547118,0.0,0,0,0,0,745
173.7967168281742,499.9930234342843,2.876884169961664,2.240041567987936,2.6989639445257563,0.4589223765378202,1,1,0,0,746
25.19935536532786,152.5984219008351,6.055647840531562,1.4013894310648052,2.183550042378344,0.7821606113135386,0,0,1,0,747
34.60074282064913,103.299165486312,2.985460919777274,1.5390854224761887,2.0140968130379777,0.4750113905617892,0,0,0,0,748
28.10017018513431,111.597920673034,3.971432199085831,1.448708950162764,2.047656102767866,0.5989471526051027,0,0,1,0,749
30.80085624001903,100.299004451089,3.256370656370656,1.4885627897194924,2.0012966223170854,0.5127338325975928,0,0,0,0,750
7.099966819250542,370.1972649072545,52.14070351758794,0.8512563191063898,2.568433205772707,1.717176886666317,0,0,1,1,751
11.39919295854547,499.9946482662166,43.86228482003129,1.0568741051911021,2.6989653558542397,1.6420912506631375,0,1,1,1,752
186.6970169435891,186.6970169435891,1.0,2.271137378820592,2.271137378820592,0.0,1,0,0,0,753
9.798353712358105,80.39850287724005,8.205307262569834,0.9911531130701567,1.9052479617060751,0.9140948486359184,0,0,1,1,754
500.0,500.0,1.0,2.6989700043360187,2.6989700043360187,0.0,1,1,0,0,755
6.299480139988447,500.0,79.37162891046387,0.7993047110964433,2.6989700043360187,1.8996652932395754,0,1,1,1,756
126.3963437317319,253.1965775628421,2.003195425496131,2.101734511287351,2.4034578310624672,0.30172331977511596,1,0,0,0,757
4.010129316636016,2.369953586128382,0.5909918107370337,0.6031583777563161,0.37473984074187205,-0.22841853701444387,0,0,0,0,758
9.82059450525761,6.230089343457328,0.634390243902439,0.9921377792877342,0.7944942747638715,-0.19764350452386276,0,0,0,0,759
4.27106319135169,3.078862977561512,0.720865704772475,0.6305359969600304,0.4883903613900141,-0.14214563557001628,0,0,0,0,760
141.6602322072439,74.37998965763953,0.5250590691452788,2.1512479493516974,1.8714561136353443,-0.27979183571635313,1,0,0,0,761
54.46970322639596,13.3494527198829,0.2450803277630815,1.7361550090625624,1.1254634615352848,-0.6106915475272777,1,0,0,0,762
119.6405314774238,25.6406750460616,0.2143142857142857,2.0778783336237385,1.408929454736031,-0.6689488788877075,1,0,0,0,763
13.70003219070101,6.599919110546169,0.4817447885287385,1.1367215876109609,0.819538612805699,-0.3171829748052621,0,0,0,0,764
208.9943480103129,1265.973873013365,6.0574550702725,2.3201345413209884,3.102424742866794,0.782290201545806,1,1,1,0,765
0.2989317958486642,99.99904596235368,334.5212765957447,-0.5244278888174857,1.999995856647382,2.5244237454648677,0,0,1,1,766
0.2989317958486642,99.99904596235368,334.5212765957447,-0.5244278888174857,1.999995856647382,2.5244237454648677,0,0,1,1,766
30.99970038949366,48.00009987016879,1.548405283505155,1.4913574964207754,1.6812421409801308,0.18988464455935553,0,0,0,0,767
12.67147472840306,199.99926817934,15.7834247762056,1.1028271617766543,2.301028406532702,1.1982012447560475,0,0,1,1,768
18.00014556006583,249.9994130642507,13.88874396765358,1.2552760170854047,2.397938989059012,1.1426629719736074,0,0,1,1,769
90.00063494234236,250.0036631288982,2.777798882075216,1.954245573339135,2.3979463721320853,0.4437007987929503,1,0,0,0,770
155.7949874881689,2142.842324996434,13.75424434087883,2.1925534806712825,3.330990215883976,1.1384367352126936,1,1,1,1,291
263.216104220679,1597.71765905647,6.069984447900467,2.420312456979218,3.203500035336245,0.7831875783570266,1,1,1,0,765
9.299908836624653,99.99968886220017,10.75276012044162,0.9684786913555571,1.9999986487436021,1.0315199573880451,0,0,1,1,771
1.900746527278588,99.99954600003329,52.61066878980892,0.2789242056903579,1.9999980282987209,1.721073822608363,0,0,1,1,772
99.99940462369239,67.99941653121854,0.679998213860443,1.999997414305852,1.8325051862597763,-0.16749222804607586,1,0,0,0,773
99.99891437297802,84.9991676859498,0.8500009046990065,1.9999952851561567,1.929414673112305,-0.07058061204385174,1,0,0,0,774
14.00025410090629,25.00070583585081,1.785732291404084,1.1461359180796657,1.3979522701235525,0.2518163520438867,0,0,0,0,775
99.99917869198487,52.99900621730168,0.5299944150596274,1.999996433089963,1.7242677262349688,-0.2757287068549944,1,0,0,0,776
99.99966258507075,55.99906873479524,0.5599925768465094,1.9999985346231088,1.748180804743655,-0.25181772987945394,1,0,0,0,777
99.99888330007163,99.99888330007163,1.0,1.9999951502067528,1.9999951502067528,0.0,1,0,0,0,778
6.299867312529169,99.99984071131952,15.87332490518331,0.79933140246259,1.9999993082174994,1.2006679057549092,0,0,1,1,779
5.799377932196691,57.99898055778054,10.00089686098655,0.7633814116485993,1.7634203600798082,1.000038948431209,0,0,1,1,780
5.099835626485747,99.99934512544121,19.6083467094703,0.7075561785174201,1.9999971559066152,1.292440977389195,0,0,1,1,781
2.000769035626134,8.100402227969603,4.048644338118022,0.3011969575305406,0.908506584440448,0.6073096269099073,0,0,1,0,782
29.00007943983567,34.00024966805498,1.172419190733349,1.4623991875622326,1.5314821061322692,0.06908291857003637,0,0,0,0,783
3.200851155913009,3.500649186713312,1.093661971830986,0.505265479308582,0.544148590654084,0.038883111345502035,0,0,0,0,784
27.00066928004589,33.99942633138924,1.259206798866856,1.4313745293822584,1.5314715893006683,0.10009705991841011,0,0,0,0,785
2.899087858010583,2.899087858010583,1.0,0.46226137702143805,0.46226137702143805,0.0,0,0,0,0,786
99.99836684032597,99.99836684032597,1.0,1.9999929072197367,1.9999929072197367,0.0,1,0,0,0,787
2.899119231641465,123.1972443044259,42.49471458773785,0.4622660768862613,2.0906009935689385,1.6283349166826775,0,0,1,1,788
3.2803859596768,31.77068496990907,9.685044796691935,0.5159249444118803,1.5020265782342914,0.9861016338224111,0,0,1,1,789
3.790552994299956,15.32015168529565,4.041666666666667,0.5787025727263306,1.1852630652809693,0.6065604925546388,0,0,1,0,790
96.19873526956867,141.468728337601,1.470588235294117,1.983169362380245,2.150660449674009,0.16749108729376352,1,0,0,0,791
36.11933829372246,157.0406012770542,4.347826086956522,1.5577397854394384,2.1960119494218455,0.6382721639824072,0,0,1,0,792
3.799260121228963,9.400455042812235,2.474285714285714,0.5796990291027554,0.9731488767698264,0.393449847667071,0,0,0,0,793
32.00035074216067,32.99899161628807,1.031207185264119,1.5051547384620985,1.5185006689029517,0.013345930440853037,0,0,0,0,794
5.499474782494006,5.499474782494006,1.0,0.7403212149567162,0.7403212149567162,0.0,0,0,0,0,795
3.099346255708164,3.801043527227614,1.226401703335699,0.49127009787306597,0.579902842906584,0.08863274503351806,0,0,0,0,796
30.99897509570154,33.9992291318097,1.096785588131402,1.491347335200742,1.5314690703482379,0.040121735147495834,0,0,0,0,797
31.99867435309303,34.99882261623394,1.093758517307168,1.5051319866617177,1.5440534346396084,0.038921447977890766,0,0,0,0,798
31.00010372768347,34.99965022060225,1.129017197105284,1.4913631470047626,1.5440637041210932,0.05270055711633069,0,0,0,0,799
31.99993410566979,33.99941518781943,1.062483912483912,1.5051490840207353,1.5314714469573352,0.026322362936599793,0,0,0,0,800
30.99988272889853,33.99945762115571,1.096760846435749,1.4913600509217375,1.5314719889829023,0.040111938061164656,0,0,0,0,801
31.99895913455099,32.99964411585751,1.031272422865343,1.5051358517738789,1.518509256261139,0.013373404487260059,0,0,0,0,802
99.99953117894431,99.99953117894431,1.0,1.9999979639312524,1.9999979639312524,0.0,1,0,0,0,803
